Age,JobLevel,MaritalStatus,MonthlyIncome,OverTime,StockOptionLevel,TotalWorkingYears,YearsAtCompany,YearsInCurrentRole,YearsWithCurrManager,Attrition
24,1,0,2296,0,3,2,1,1,0,0
18,1,2,1051,0,0,0,0,0,0,0
29,2,0,6931,0,1,10,3,2,2,0
39,2,1,5295,0,0,7,5,4,0,0
31,2,0,4197,0,1,10,10,8,2,0
36,2,2,3886,0,0,10,10,1,8,0
34,2,2,6687,0,0,14,14,11,11,0
45,1,2,2177,0,0,6,6,3,4,0
23,1,0,2322,0,1,3,0,0,0,0
32,2,2,9679,0,0,8,1,0,0,0
29,2,1,6644,0,2,10,0,0,0,0
36,2,1,6201,1,1,18,18,14,11,0
45,2,2,4850,0,0,8,5,3,1,0
24,1,1,4401,0,1,5,5,3,4,0
38,2,1,6077,0,0,10,6,3,2,0
33,1,2,3348,1,0,10,10,8,7,1
40,4,2,13194,1,0,22,1,0,0,1
33,1,1,2622,0,0,7,3,2,1,0
24,1,1,2774,0,1,6,5,3,2,0
31,1,1,2791,0,1,3,2,2,2,0
52,4,1,16856,0,0,34,34,6,16,0
45,2,0,5006,1,1,9,5,4,3,0
44,5,1,18213,0,1,26,22,9,10,0
28,1,0,2207,0,1,4,4,2,2,0
46,5,0,19328,1,1,24,2,1,2,0
58,4,0,16291,0,1,37,16,9,14,0
36,3,1,7094,0,0,10,7,7,7,0
37,1,2,2115,0,0,17,17,12,7,0
37,2,1,4285,0,0,10,10,8,7,0
29,3,1,11935,0,0,10,10,2,7,0
36,3,1,8008,0,2,9,3,2,2,0
44,2,1,6465,1,0,9,4,2,3,0
47,2,2,4960,0,0,20,7,7,7,0
32,3,1,10400,0,0,14,14,8,8,1
44,2,1,5033,0,1,10,2,0,2,0
32,3,2,11244,0,0,10,5,2,0,0
34,1,1,3294,0,1,7,5,4,2,0
44,1,1,2818,1,1,10,3,2,2,0
54,4,1,17779,0,0,36,10,9,9,0
43,5,1,19740,0,1,25,8,7,7,0
34,2,1,9547,0,0,10,10,9,9,0
26,1,2,3102,0,0,7,6,4,4,1
38,2,0,6893,0,1,11,7,7,7,0
28,2,1,6834,1,1,7,7,7,7,0
37,1,2,3629,0,0,8,3,2,2,0
38,2,0,5329,1,3,17,13,11,9,0
26,2,2,4684,0,0,5,5,3,2,0
46,2,2,5772,1,0,14,9,6,8,0
29,2,1,4319,0,1,10,10,7,9,0
29,1,1,2700,0,1,10,10,7,7,0
26,1,1,2061,0,0,1,1,0,0,0
24,2,2,4617,0,0,4,4,3,2,0
31,1,1,3722,1,1,7,2,2,2,1
48,2,0,6439,0,1,18,8,7,7,0
48,1,1,2655,1,2,19,9,7,7,1
38,2,1,5343,0,1,10,10,7,9,0
27,1,0,2187,0,2,6,5,3,3,0
38,1,2,2288,0,0,2,2,2,1,0
42,5,1,18303,0,0,21,1,0,0,0
45,3,1,10748,0,1,25,23,15,4,0
24,2,0,4260,1,1,5,5,2,3,0
34,1,1,3622,1,1,6,6,5,3,0
26,1,1,3955,0,2,6,5,3,3,0
47,4,1,12936,0,0,25,23,5,10,1
25,2,0,5206,0,2,7,7,7,7,0
41,2,2,6032,1,0,8,5,4,2,0
20,1,2,2783,0,0,2,2,2,2,0
26,1,0,2741,1,1,8,7,7,0,1
47,2,2,6397,1,0,8,5,4,3,1
26,1,0,4364,0,1,5,2,2,0,0
37,1,1,3936,0,1,8,8,4,7,0
40,2,0,3319,0,2,9,9,8,7,0
25,1,1,2187,0,0,6,2,0,2,0
47,2,1,5467,0,1,16,8,7,7,0
29,1,2,2062,0,0,11,3,2,2,0
36,2,2,6815,0,0,15,1,0,0,0
34,2,2,4759,0,0,15,13,9,12,0
27,2,2,4105,0,0,7,7,7,7,0
32,2,2,5396,0,0,10,10,7,8,0
50,4,1,11245,1,1,32,30,8,13,0
30,2,1,6578,0,1,10,10,3,4,0
21,1,2,2716,0,0,1,1,0,0,1
26,2,1,4157,1,1,5,2,2,0,0
27,3,0,12808,1,1,9,9,8,8,0
43,2,1,6804,0,1,7,2,2,2,0
31,1,0,2695,1,1,3,2,2,2,0
35,1,1,2430,0,2,6,5,3,2,0
22,1,2,2871,0,0,1,0,0,0,0
44,3,1,7879,1,1,9,8,7,7,0
37,1,0,2073,1,0,7,3,2,2,1
42,2,1,4523,0,3,7,6,5,4,0
42,2,1,5231,1,1,17,5,3,3,0
31,2,1,5582,0,1,10,9,0,8,0
36,1,0,2741,0,1,7,7,7,7,0
18,1,2,1420,0,0,0,0,0,0,1
47,4,0,13770,1,2,28,22,2,13,0
34,1,1,2585,0,0,2,1,0,0,0
58,3,0,10552,1,1,24,6,0,4,0
36,1,1,2543,0,1,6,2,2,2,0
44,1,0,3161,1,1,19,1,0,0,1
40,2,1,6323,0,1,10,10,9,4,0
54,2,1,2897,0,2,9,4,3,3,0
58,3,1,10312,0,1,40,40,10,6,1
23,1,0,2275,1,1,3,3,2,2,1
31,1,0,2789,0,1,2,2,2,2,0
38,2,2,7625,0,0,10,9,7,8,0
38,3,1,7756,1,1,10,5,4,2,0
28,1,0,2377,0,1,6,2,2,2,0
26,2,1,5296,0,1,8,8,7,7,0
27,1,1,3058,1,1,6,5,2,1,0
32,1,2,2439,0,0,4,4,2,2,0
37,2,1,6474,0,1,14,14,8,11,0
29,2,2,5869,0,0,8,5,2,4,0
46,3,0,9396,0,1,17,4,2,3,0
36,2,1,4663,1,2,7,3,2,1,0
32,1,2,4200,0,0,10,5,4,4,1
30,1,1,2141,0,1,6,6,4,1,0
31,3,0,9852,1,1,10,10,8,6,0
34,2,1,6799,0,2,10,10,8,8,0
44,2,1,5743,1,0,14,10,7,2,0
58,1,0,2380,1,1,3,1,0,0,1
44,1,1,2362,0,0,10,3,2,2,1
31,2,0,6583,1,1,8,5,2,4,0
38,2,1,6261,0,1,9,7,7,7,0
25,1,2,3424,0,0,6,4,3,1,0
35,1,2,2506,0,0,7,2,2,2,0
36,1,2,4678,0,0,8,6,2,1,0
36,3,1,7644,0,2,10,9,7,4,0
39,2,0,4127,0,1,7,2,1,2,0
35,1,1,2426,0,1,6,5,4,3,0
41,4,0,17181,0,1,21,7,6,7,0
36,3,1,10325,1,1,16,16,7,7,1
29,2,2,4554,0,0,10,10,7,9,0
36,1,1,3688,0,2,4,1,0,0,0
33,3,1,11691,0,0,14,13,9,7,0
36,2,2,4485,0,0,10,8,0,7,0
38,2,1,9824,0,1,18,1,0,0,0
54,2,0,5485,1,2,9,5,3,4,0
37,1,2,3500,0,0,7,6,5,3,0
33,1,2,2342,0,0,3,2,2,2,0
50,3,0,10854,1,1,20,3,2,0,1
49,2,1,6567,0,0,16,15,11,11,0
33,2,1,4373,0,2,5,4,3,3,0
27,2,1,6349,1,1,6,5,4,4,0
28,1,1,3464,1,0,5,3,2,2,1
39,2,1,5204,0,2,13,5,4,4,0
35,1,0,2074,1,1,1,1,0,0,1
50,4,0,17399,0,1,32,5,4,3,0
36,2,0,4941,0,2,7,3,2,1,0
21,1,2,2679,0,0,1,1,0,0,1
50,5,1,18200,0,1,32,32,5,7,0
52,3,2,10445,0,0,18,8,6,0,0
33,3,1,13610,1,0,15,7,6,7,1
47,3,0,10333,1,1,28,22,11,10,0
22,2,1,4775,0,2,4,2,2,2,0
28,1,2,4382,0,0,5,2,2,1,1
33,2,0,5368,1,1,7,6,5,2,0
40,3,1,10855,0,1,15,12,11,11,0
27,2,2,5071,0,0,8,6,2,0,0
40,1,1,2406,0,2,8,1,0,0,0
55,3,1,10976,0,1,23,3,2,2,0
33,1,2,2313,1,0,5,2,2,2,1
37,3,1,10609,0,0,17,14,1,7,1
34,2,2,6029,0,0,6,2,2,2,0
46,5,1,18789,0,1,26,11,4,8,0
38,2,1,9924,0,1,10,9,8,7,0
30,2,1,4627,0,1,10,9,2,7,0
34,1,1,3737,0,1,4,3,2,2,0
34,2,0,5433,0,1,11,11,8,9,0
36,2,0,5406,0,1,15,15,12,11,0
35,3,2,8837,1,0,9,9,0,7,0
35,3,1,7632,1,0,10,8,7,0,0
40,5,2,19833,0,0,21,21,8,8,0
24,2,1,4999,0,1,4,3,2,2,0
53,4,0,14852,0,1,22,17,13,2,0
32,2,0,5470,0,2,10,9,5,6,0
28,1,2,2561,0,0,8,0,0,0,1
55,2,1,4035,1,0,4,3,2,2,0
30,2,2,6091,0,0,11,5,4,2,0
26,1,1,2366,1,1,8,8,7,7,1
23,1,1,1601,1,2,1,0,0,0,1
51,2,1,6132,0,0,10,1,0,0,0
42,2,1,6062,1,1,8,4,3,2,0
35,1,2,2559,0,0,6,6,5,1,0
35,2,1,4717,0,0,15,11,9,9,0
20,1,2,1009,1,0,1,1,0,1,1
28,2,1,4724,0,1,5,5,3,4,0
29,1,1,2168,1,1,6,5,4,3,0
43,4,0,14336,0,1,25,25,10,9,0
40,2,1,4422,1,1,16,1,1,0,0
29,1,1,3131,0,1,10,10,8,8,0
46,4,0,13225,0,1,25,19,17,8,0
44,1,0,2342,1,3,6,5,3,3,1
47,4,1,17169,0,2,26,20,17,6,0
32,2,1,5309,0,2,10,10,8,7,0
38,1,2,2619,0,0,8,0,0,0,0
51,4,0,14026,1,1,33,33,9,10,0
58,2,0,5660,1,1,12,5,3,2,0
35,2,2,4859,0,0,5,5,4,3,0
45,3,1,9380,1,2,10,3,1,2,0
56,4,1,11103,0,0,30,10,7,1,0
37,2,2,4107,0,0,8,4,3,1,0
37,2,0,9525,0,2,6,6,3,3,0
39,3,2,7880,0,0,9,8,7,7,0
35,3,0,10274,0,1,15,7,7,4,0
54,3,1,10686,0,1,13,9,4,0,0
32,1,2,4025,0,0,10,8,7,7,0
48,3,1,12504,0,1,15,0,0,0,0
33,2,1,5488,1,1,6,6,5,2,0
31,2,1,6172,1,0,12,7,7,7,1
46,3,0,10453,0,3,24,24,13,7,0
38,2,0,5745,0,1,10,2,2,2,0
38,2,1,4440,0,2,16,15,13,8,0
43,2,1,7847,1,1,10,10,9,8,0
37,1,1,2326,1,3,4,4,2,2,0
39,2,1,5238,1,0,12,1,0,0,1
28,1,0,4936,0,1,6,5,1,4,0
35,2,1,5689,1,2,10,10,2,2,0
30,2,1,4152,0,3,11,11,10,8,0
39,4,0,17123,1,2,21,19,9,2,0
43,5,1,19392,0,0,21,16,12,14,0
27,2,2,6811,0,0,9,7,6,7,0
42,2,2,6244,0,0,10,5,4,3,0
31,1,0,3978,0,1,4,2,2,2,0
39,1,1,2404,1,0,8,2,2,2,1
29,4,0,16124,0,2,9,7,7,7,0
49,5,2,18665,1,0,22,3,2,2,0
38,1,2,2858,0,0,20,1,0,0,0
35,2,2,5098,0,0,10,10,7,8,0
42,4,2,15992,0,0,16,1,0,0,0
31,1,2,4084,0,0,7,7,2,7,1
34,3,0,8628,0,1,9,8,7,1,0
36,2,1,6586,1,1,17,16,8,11,0
27,2,1,4342,0,1,5,4,2,1,0
40,3,0,10932,0,1,20,1,0,1,0
34,3,1,7083,1,0,10,10,9,6,0
43,3,1,9985,0,1,10,1,0,0,0
31,3,0,10793,0,1,13,13,7,9,0
41,1,1,2782,0,1,12,5,3,0,0
31,2,1,5003,0,0,10,10,8,7,0
45,2,2,5399,0,0,12,4,2,3,0
33,2,2,4682,0,0,9,7,7,1,0
27,1,2,2478,1,0,4,4,3,2,0
36,2,1,2571,0,1,17,5,2,3,0
33,1,1,2028,0,3,14,14,11,13,0
31,1,0,2911,0,1,5,5,2,3,0
19,1,2,2325,0,0,1,0,0,0,1
32,1,1,2794,0,0,5,5,1,3,0
36,2,2,7779,0,0,18,11,9,9,0
37,2,0,4071,0,0,19,10,0,7,0
28,1,1,1052,0,0,1,1,0,0,0
25,2,1,8639,0,0,6,2,2,2,0
29,1,1,2319,1,1,1,1,0,0,1
29,1,0,2514,0,1,11,7,5,7,0
41,5,0,19973,0,2,21,21,16,10,0
30,2,1,6347,1,0,12,11,9,7,0
39,3,2,13464,0,0,9,4,3,2,0
22,1,1,2398,1,0,1,1,0,0,1
31,2,1,4345,0,1,6,5,4,4,0
45,4,1,17650,0,1,26,9,3,1,0
42,2,0,4556,0,1,19,5,4,2,0
31,3,1,8943,0,1,10,10,9,9,0
51,2,0,5482,0,1,13,4,1,2,0
34,2,2,5343,0,0,14,13,9,9,0
33,4,2,17444,0,0,10,10,8,0,0
35,2,1,5204,1,0,10,10,8,9,0
40,2,1,5677,0,1,15,11,8,10,0
33,3,0,8380,1,2,10,9,8,8,0
34,2,1,5714,0,0,6,6,5,3,0
34,1,1,2691,0,1,10,10,9,8,0
30,3,1,11416,1,3,9,8,7,7,0
33,1,1,2909,1,0,8,8,7,0,0
45,2,1,3633,1,1,9,9,8,8,0
37,3,0,8834,0,1,9,9,5,7,0
31,2,0,7547,0,3,13,7,7,7,0
32,1,2,3068,0,0,8,7,7,6,0
28,1,2,2080,0,0,5,3,2,2,0
26,1,2,3904,0,0,5,4,3,1,0
30,1,1,2132,1,0,7,5,2,1,1
33,2,1,5376,0,2,10,5,3,3,0
38,3,2,7861,1,0,10,1,0,0,0
41,2,0,3072,0,2,17,1,0,0,0
51,3,2,10650,0,0,18,4,2,3,1
38,2,0,6288,0,1,13,4,3,2,0
27,2,1,3540,0,1,9,9,8,8,0
53,4,2,14275,0,0,33,12,9,8,0
30,2,1,5301,0,2,4,2,1,2,0
30,1,2,1081,0,0,1,1,0,0,1
30,1,1,3833,0,2,7,2,2,2,0
58,5,1,19701,1,1,32,9,8,5,0
34,2,0,9725,0,1,16,15,1,9,0
26,1,1,2544,0,1,8,7,7,7,0
51,2,1,4936,0,1,18,7,7,7,0
39,4,1,17068,1,0,21,21,9,10,0
36,3,2,9980,0,0,10,10,3,7,0
32,2,1,5228,1,0,13,13,12,9,0
56,1,1,2942,0,1,18,5,4,3,0
57,2,1,4900,0,1,13,12,9,8,0
57,4,0,14118,0,1,32,1,0,0,0
40,1,2,2342,1,0,5,4,2,3,0
23,1,1,1790,0,1,1,1,0,0,1
53,3,1,7005,0,0,11,4,3,2,0
38,1,2,2440,0,0,4,4,3,3,0
36,1,1,2143,0,1,8,5,2,4,0
29,3,1,7918,0,1,11,11,10,1,0
38,3,1,13206,0,1,20,18,16,11,0
47,3,2,8633,0,0,25,17,14,11,0
32,2,1,4883,0,1,10,10,4,1,1
35,2,1,5208,0,0,16,16,15,10,0
36,2,2,6499,0,0,6,6,5,3,0
49,2,2,4284,0,0,20,4,3,3,1
34,1,2,4381,0,0,6,6,5,3,0
39,2,2,4534,0,0,9,8,7,7,0
30,3,2,8474,0,0,12,11,8,8,0
51,3,1,10596,0,0,14,4,2,2,0
35,1,1,3506,1,0,4,3,2,2,0
60,2,2,5405,0,0,10,2,2,2,0
50,2,0,6728,0,2,12,6,3,1,1
45,1,1,2132,0,1,8,5,4,3,0
56,3,2,7260,0,0,37,6,4,2,0
46,3,0,8578,0,1,12,9,8,7,0
42,1,0,2766,0,3,7,5,3,4,0
60,3,0,10883,0,1,19,1,0,0,0
25,2,1,4194,1,0,5,5,3,3,0
28,1,0,2706,0,1,3,3,2,2,0
53,3,1,10169,0,1,34,33,7,9,1
39,2,1,5151,0,1,10,10,0,9,0
48,5,1,19665,0,0,29,22,10,9,0
37,2,1,6502,0,1,7,5,4,1,0
41,2,0,5467,1,2,12,6,2,3,0
21,1,2,2610,0,0,3,3,2,2,0
32,2,0,4403,0,1,8,5,2,3,0
37,1,2,2090,1,0,7,0,0,0,1
59,1,1,2670,1,3,12,1,0,0,0
45,3,0,5210,0,1,24,24,9,11,0
35,1,0,2022,1,1,10,10,2,8,1
36,1,1,3692,0,0,12,11,10,7,0
41,2,0,8938,0,1,14,5,4,4,0
41,3,2,13591,1,0,16,1,0,0,0
42,2,1,2372,1,0,18,1,0,0,0
42,2,1,6825,0,1,10,9,7,2,0
24,1,1,2033,0,1,1,1,0,0,0
33,2,2,8224,1,0,6,5,2,3,1
43,2,1,5562,0,1,12,5,2,2,0
25,2,1,4256,0,0,5,5,2,3,0
38,1,1,2684,0,1,3,2,1,2,0
33,2,2,6388,1,0,14,0,0,0,0
53,3,1,10934,1,1,35,5,2,4,0
43,3,1,10820,0,1,18,8,7,1,0
42,1,0,2593,1,1,10,9,6,8,0
53,5,0,19094,0,1,26,14,13,8,0
29,1,1,2119,1,0,7,7,7,7,1
29,2,1,4335,0,1,11,8,7,1,0
37,1,1,3022,0,0,8,1,0,0,0
50,5,1,18172,1,0,28,8,3,7,0
29,2,1,4649,0,1,4,4,3,2,0
33,3,2,13458,1,0,15,15,14,12,0
55,4,2,16756,0,0,31,9,7,2,0
51,3,1,12490,0,2,16,10,9,7,0
30,1,0,2613,0,3,10,10,7,9,0
49,5,1,18711,0,1,23,1,0,0,0
47,2,0,5067,1,0,20,19,10,7,0
31,1,2,2501,0,0,1,1,1,0,0
47,1,2,2105,0,0,7,2,2,0,0
58,1,0,2372,0,2,2,2,2,2,0
41,5,1,19545,0,0,23,22,15,8,1
29,1,2,3785,0,0,5,5,4,4,0
50,1,1,3221,1,3,20,20,8,8,0
32,1,2,2837,0,0,6,6,2,1,0
44,5,0,19049,1,1,23,22,7,10,0
38,1,1,2844,0,1,7,7,6,0,0
26,1,1,2042,1,1,6,3,2,2,1
40,3,1,10475,1,1,20,18,13,12,0
45,1,2,2274,0,0,1,1,0,0,0
46,3,1,10527,0,0,28,2,2,2,0
28,3,2,8722,0,0,10,10,7,9,1
34,1,1,2932,1,3,6,5,0,2,0
55,2,1,6385,1,2,17,8,7,7,0
19,1,2,2994,1,0,1,1,0,1,0
32,2,1,6162,1,1,9,9,8,8,0
40,2,0,3975,0,2,11,8,7,7,0
30,2,0,5209,1,3,11,11,8,7,0
22,2,1,4171,1,1,4,3,2,2,1
48,1,1,2259,0,2,13,0,0,0,0
45,4,1,16792,0,1,22,20,8,8,0
53,4,1,17584,1,3,21,5,3,3,0
36,3,1,9699,0,1,16,13,9,12,0
29,1,0,2720,0,1,10,10,7,8,0
46,2,0,4615,1,3,19,16,13,7,0
41,2,2,5003,0,0,8,2,2,1,0
41,1,2,3140,1,0,4,4,3,2,1
52,4,1,13247,1,1,24,5,3,2,0
51,3,2,7484,0,0,23,13,12,8,0
26,1,2,2293,0,0,1,1,0,1,1
36,1,2,2644,1,0,7,3,2,2,0
38,2,1,6673,1,0,17,1,0,0,1
31,2,2,5332,0,0,10,5,2,3,0
44,2,0,5454,1,1,9,4,3,3,0
30,2,0,5304,0,1,10,8,7,7,0
31,1,2,2302,1,0,3,3,2,2,1
27,1,2,2394,1,0,8,8,2,7,1
28,1,1,3201,0,0,6,5,3,4,0
24,2,0,4377,0,2,5,4,2,2,0
50,1,1,3690,0,1,5,3,2,2,0
39,2,1,5902,0,1,17,15,11,9,0
30,2,2,4695,1,0,10,8,4,7,0
30,2,1,5126,1,2,10,10,8,0,0
29,2,0,4187,1,1,10,10,0,9,0
59,5,1,18844,0,1,30,3,2,2,0
36,3,1,11713,0,1,10,8,7,5,0
29,1,2,2404,1,0,3,0,0,0,1
30,1,1,2033,0,1,1,1,0,0,1
50,5,2,19926,0,0,21,5,4,4,0
37,1,1,3920,0,1,17,3,1,2,0
38,3,1,12061,0,1,19,10,8,1,0
41,2,2,6230,0,0,16,14,3,10,0
29,1,0,2109,0,1,1,1,0,0,0
45,2,1,3697,0,2,12,10,9,8,0
28,2,1,4221,0,0,5,5,4,4,0
29,2,1,5373,0,1,6,5,3,2,0
42,4,1,17665,0,1,23,22,6,7,0
48,5,2,18265,0,0,25,1,0,0,0
20,1,2,2926,1,0,1,1,0,0,1
31,3,0,10648,0,1,13,13,8,8,0
41,2,1,6430,0,1,10,3,2,2,0
29,1,0,2335,1,3,4,2,2,0,1
42,2,2,5155,0,0,9,6,4,5,0
36,2,1,6652,0,1,8,6,3,0,0
28,2,2,5661,0,0,9,8,3,7,0
32,2,2,6735,0,0,10,0,0,0,1
36,2,1,5347,0,2,10,3,2,2,0
42,1,0,2576,0,1,8,5,2,2,0
43,4,1,16064,1,1,22,17,13,9,0
36,2,2,4502,0,0,17,13,7,7,0
25,2,0,4000,0,2,6,6,3,5,0
36,2,1,5674,0,1,11,9,8,8,0
36,3,1,9738,0,1,10,9,7,8,0
38,2,1,4735,0,2,19,13,11,9,0
33,1,2,2799,1,0,6,3,2,2,0
45,2,1,6434,0,1,9,3,2,2,0
27,2,2,6500,0,0,9,8,7,7,0
34,2,2,4599,1,0,16,15,9,10,1
29,1,1,2703,0,1,6,5,4,4,0
32,2,2,5010,0,0,12,11,8,7,0
46,4,1,17465,0,1,23,12,9,9,0
39,2,1,2086,0,1,19,1,0,0,1
44,4,1,16328,0,1,24,20,6,17,0
40,4,2,13237,0,0,22,20,6,13,0
55,4,2,16835,0,0,37,10,9,7,0
41,5,0,19419,0,1,21,18,16,11,0
43,2,2,5346,0,0,7,4,3,3,1
38,2,2,4198,0,0,8,3,2,2,0
29,1,2,2760,0,0,2,2,2,2,1
26,1,2,3578,0,0,8,7,7,7,0
45,3,1,13245,1,0,17,0,0,0,0
34,2,1,4325,0,0,5,5,2,3,0
38,1,0,2610,0,3,4,4,2,3,0
55,3,1,10239,0,1,24,1,0,0,0
18,1,2,1878,1,0,0,0,0,0,1
40,3,1,10435,0,2,18,18,15,12,0
35,2,1,4014,1,1,10,10,6,7,0
28,2,1,6674,0,3,10,9,8,5,0
20,1,2,2728,0,0,2,2,2,2,0
33,1,0,3408,0,3,8,4,3,3,1
31,1,1,2356,1,1,8,6,4,2,0
40,3,1,10322,0,1,14,11,10,1,0
50,4,1,17856,0,1,32,2,2,2,0
27,1,2,2580,0,0,6,4,2,2,0
28,2,0,4558,0,1,10,10,0,8,0
36,3,1,8321,1,1,15,12,8,7,0
53,4,2,16598,0,0,35,9,8,8,0
42,2,1,5538,0,2,10,0,0,0,0
37,2,0,5163,0,1,17,1,0,0,0
43,4,1,17159,0,1,22,4,1,0,0
23,1,1,1223,0,1,1,1,0,1,0
52,1,1,2950,0,0,12,5,4,4,0
29,1,0,3760,0,3,3,3,2,2,0
50,5,0,18740,1,1,29,27,3,8,0
42,2,1,4907,0,0,20,20,16,6,0
34,2,1,4404,0,0,6,4,3,2,0
32,1,1,3931,0,1,6,4,3,2,0
38,3,0,10609,0,2,17,16,10,13,0
30,1,0,3204,0,1,8,3,2,2,0
56,2,1,5380,0,1,6,0,0,0,0
27,1,0,3816,0,1,5,5,2,4,0
36,1,0,2835,0,1,7,1,0,0,0
40,1,1,3377,0,1,7,4,3,2,0
37,3,0,10048,0,2,17,1,0,0,1
33,1,0,2008,0,3,1,1,1,0,0
36,2,1,5237,0,2,17,7,7,7,0
39,1,1,3755,0,1,8,8,3,7,0
36,2,0,5079,0,2,12,7,7,7,0
25,2,1,4898,0,2,5,4,2,2,0
36,2,1,5228,0,1,10,9,7,5,0
37,2,2,4197,1,0,18,1,0,1,0
51,5,0,19847,1,1,31,29,10,10,0
49,4,1,16413,0,2,27,4,2,2,0
35,2,0,5093,0,1,16,1,0,0,0
43,1,1,2437,1,1,6,1,0,0,1
33,2,1,4302,0,1,4,3,2,2,0
26,2,0,4306,0,2,8,0,0,0,0
46,3,0,10845,0,1,13,8,7,7,0
56,1,2,2587,0,0,5,4,2,0,1
32,2,0,4668,0,3,9,8,7,7,0
30,1,0,2083,0,1,1,1,0,0,0
30,2,1,9714,0,1,10,10,8,7,1
27,2,1,4227,0,1,4,3,2,2,0
42,3,1,13348,0,1,18,13,7,7,0
20,1,2,2600,1,0,1,1,0,0,1
50,1,1,3875,0,1,4,2,2,2,0
19,1,2,1102,0,0,1,1,0,0,1
31,1,1,3067,0,1,3,2,2,2,0
29,1,1,2157,0,1,3,3,1,2,0
42,1,2,3968,0,0,8,0,0,0,0
36,2,1,5673,1,1,10,10,9,7,0
42,4,2,13758,1,0,22,21,9,14,1
46,4,1,17048,0,0,28,26,15,9,0
39,4,1,12031,0,1,21,20,9,6,0
30,1,0,2693,0,1,1,1,0,0,0
36,2,2,5810,0,0,10,10,4,8,0
41,1,0,2778,1,1,10,7,7,0,1
22,1,1,2814,1,0,4,4,2,3,0
21,1,2,2174,1,0,3,3,2,2,1
41,1,1,3376,0,0,10,10,6,8,0
35,1,2,2450,0,0,3,3,0,2,0
47,5,1,18300,0,1,21,3,2,1,0
45,3,0,10851,1,1,24,7,7,7,0
29,2,0,8853,0,1,6,6,4,3,0
26,1,2,2966,0,0,5,4,2,0,0
51,1,1,2723,0,0,1,1,0,0,0
34,2,1,5747,1,0,16,15,10,11,0
35,2,2,6540,0,0,10,1,1,0,0
40,1,2,2018,0,0,15,5,4,0,1
42,3,1,13191,1,0,20,1,0,0,0
38,2,2,4317,1,0,19,3,2,2,0
24,2,2,4577,0,0,4,2,2,0,1
39,3,1,8237,0,1,11,7,6,6,0
40,1,1,2387,0,1,7,4,2,3,0
45,3,0,7441,0,3,10,10,8,7,0
40,1,1,2001,0,3,20,5,3,2,0
34,3,0,9950,1,3,11,3,2,2,1
32,3,2,11159,0,0,10,7,7,7,0
50,3,0,13269,0,3,19,14,11,11,0
37,1,0,2793,0,1,13,9,8,8,0
29,3,2,7553,1,0,9,8,7,7,1
35,3,2,8789,0,0,10,10,7,8,0
31,3,1,9637,0,2,9,3,2,2,0
38,1,1,3702,0,1,5,5,4,4,0
27,2,2,9981,0,0,7,7,7,7,0
46,2,0,5021,1,1,16,4,2,2,0
41,1,1,2238,0,1,7,5,0,4,0
40,5,2,19626,0,0,21,20,7,9,0
30,2,0,4115,0,3,8,4,3,3,0
30,2,0,3491,0,3,10,10,7,9,0
34,1,0,2008,0,2,1,1,0,0,0
40,2,1,4639,0,1,5,5,4,2,0
29,1,0,2297,0,2,2,2,2,2,0
46,5,1,19081,0,1,25,4,2,3,0
41,3,0,8189,1,1,12,9,7,7,0
39,2,1,5736,0,1,10,3,2,2,0
29,1,0,3291,0,2,8,7,5,1,0
52,4,1,16555,0,0,31,5,2,4,0
37,1,1,2996,1,0,8,6,4,3,0
29,2,1,5561,0,1,6,6,0,2,0
44,1,0,3195,1,3,8,2,2,2,0
45,2,1,4286,0,2,5,1,1,0,1
25,2,1,6232,0,0,6,3,2,2,0
47,2,2,2976,0,0,5,0,0,0,0
37,1,0,3034,0,1,18,18,7,17,0
41,2,2,5993,1,0,8,6,4,5,1
57,2,1,6755,0,0,15,3,2,2,0
18,1,2,1904,0,0,0,0,0,0,1
32,2,0,6667,0,1,9,5,1,2,0
26,2,1,6272,0,2,6,5,3,4,0
33,3,2,8564,1,0,11,0,0,0,1
35,1,1,4014,1,1,4,2,2,2,0
32,1,0,2314,0,1,4,3,0,2,0
35,2,2,5813,1,0,10,10,7,7,1
39,1,2,3646,1,0,11,1,0,0,1
58,3,1,10008,1,0,31,10,9,9,1
36,1,2,2088,0,0,13,8,7,2,0
31,2,2,6582,1,0,10,6,5,5,0
26,1,1,2368,0,0,5,5,4,3,0
39,1,2,3904,0,0,6,5,2,3,1
27,3,1,7412,0,0,9,9,7,7,0
44,1,2,2936,1,0,6,6,4,2,1
45,1,0,2270,0,2,8,5,3,2,0
40,4,1,13503,0,1,22,22,3,11,0
47,3,1,11957,0,2,14,13,8,12,0
34,1,2,2311,0,0,9,3,2,2,0
44,2,2,4541,0,0,20,20,11,17,0
36,2,1,4639,0,1,17,15,7,13,0
27,1,1,4621,0,3,3,3,2,2,0
24,1,2,3202,1,0,6,5,3,4,1
39,3,2,10938,0,0,20,19,6,8,0
36,1,1,3388,1,1,2,1,0,0,1
34,1,1,2979,0,3,6,0,0,0,0
50,3,2,9208,0,0,16,2,2,1,0
41,4,2,16015,0,0,22,22,10,4,0
31,2,1,6179,1,2,10,10,2,7,1
39,5,1,19272,0,1,21,21,9,3,0
44,1,2,2436,1,0,6,4,3,2,0
33,2,2,4320,0,0,5,5,3,2,0
33,2,0,7104,0,0,6,5,0,2,0
25,2,0,4907,1,1,6,5,3,4,0
37,2,0,5731,0,2,9,6,2,3,0
37,1,1,3452,0,1,17,5,4,3,0
27,1,0,3041,0,1,5,4,3,2,1
25,1,0,3977,1,1,7,2,2,2,0
30,2,0,6118,0,3,10,10,9,2,0
29,1,1,2546,0,0,6,2,2,1,1
27,1,0,2566,1,1,1,1,1,1,0
44,3,1,10248,0,1,24,22,6,17,0
23,1,1,2819,0,1,5,3,2,2,0
43,1,0,2089,0,3,7,5,4,2,0
29,1,0,3339,1,2,10,7,7,7,1
27,1,1,4774,0,1,8,7,6,3,0
46,3,1,7314,0,3,14,8,7,7,1
32,1,2,3038,0,0,8,5,4,4,0
30,3,1,9419,0,1,12,10,9,4,0
37,3,2,7642,1,0,10,10,0,9,0
30,2,0,3072,0,2,12,12,9,10,0
38,2,2,4028,0,0,8,7,7,5,0
33,2,0,5505,0,2,6,6,2,4,0
35,2,1,4148,0,1,15,14,11,9,0
26,1,2,2875,1,0,8,8,5,2,0
43,2,0,5679,1,1,10,8,7,7,0
32,2,1,6220,0,2,10,10,4,9,0
31,1,1,3477,0,1,6,5,2,3,0
52,2,1,3149,0,1,9,5,2,4,0
44,4,1,13320,1,1,23,12,11,11,0
29,1,0,2532,0,3,8,4,3,3,0
28,1,1,2515,1,0,1,1,1,0,1
33,1,1,2436,1,1,8,5,4,4,1
30,1,2,2422,0,0,4,3,2,2,1
30,1,2,2657,1,0,8,5,2,4,1
28,1,1,2713,0,1,5,5,2,2,0
31,2,1,4559,1,1,4,2,2,2,1
21,1,2,2380,1,0,2,2,2,2,0
37,3,0,12185,1,3,10,10,8,7,0
38,1,1,3306,0,1,7,0,0,0,0
25,1,2,2096,0,0,2,2,2,1,0
33,1,1,2756,0,1,8,8,7,6,0
27,1,0,2341,0,1,1,1,0,0,0
32,2,1,6725,0,1,8,8,7,3,0
25,1,1,2889,0,2,2,2,2,1,0
36,1,1,3419,1,1,6,1,1,0,0
55,5,1,19859,1,1,24,5,2,4,1
42,1,1,2936,0,2,10,6,3,3,0
22,1,2,2472,1,0,1,1,0,0,1
30,1,1,3748,0,0,12,12,8,7,0
35,2,2,3681,0,0,9,3,2,2,0
52,2,0,5577,1,2,18,10,9,9,0
54,3,0,10502,0,1,33,5,4,4,0
52,3,2,8446,1,0,10,8,7,7,1
34,1,2,2960,0,0,8,4,2,3,1
55,5,1,19636,1,1,35,10,9,4,0
42,4,1,16799,0,1,21,20,7,9,0
35,1,1,2194,0,1,5,3,2,2,0
40,2,0,6852,0,1,7,5,1,3,0
31,2,2,5238,0,0,9,5,4,4,0
41,2,2,9355,0,0,8,8,7,7,1
26,1,1,2659,1,1,3,3,2,2,0
32,1,0,2827,0,3,1,1,0,0,0
38,1,0,2592,0,3,13,11,10,8,0
22,1,1,2244,0,1,2,2,1,2,0
22,1,1,2451,0,1,4,4,3,1,0
27,1,1,2811,0,1,4,2,2,2,0
38,2,1,5405,1,2,20,4,2,3,0
29,2,0,4262,0,2,8,3,2,2,0
28,1,2,3485,0,0,5,0,0,0,1
31,2,2,4424,0,0,11,11,7,8,0
55,4,0,13577,1,1,34,33,9,0,0
59,1,1,2267,0,0,7,2,2,2,0
48,2,1,4051,0,1,14,9,7,7,0
43,1,1,2258,0,1,8,3,2,2,0
35,3,2,10221,0,0,17,8,5,6,0
33,1,2,2500,0,0,4,3,1,2,0
53,4,1,15427,0,0,31,25,8,7,0
46,2,2,7991,0,0,6,2,2,2,0
31,1,2,2109,0,0,8,3,2,2,0
38,3,0,11510,1,1,12,11,10,9,0
55,4,0,14732,0,2,31,7,7,0,0
60,2,0,5220,1,1,12,11,7,9,0
58,5,2,19246,1,0,40,31,15,8,1
38,2,2,2406,0,0,10,10,3,9,0
46,3,0,10368,1,1,13,10,6,3,0
28,1,1,2070,0,1,5,5,2,4,0
56,1,1,2339,0,1,14,10,9,8,1
33,2,1,4539,0,1,10,10,7,1,0
40,2,0,4069,1,0,8,2,2,2,0
27,1,1,2863,0,0,1,1,0,0,1
26,2,0,6397,0,1,6,6,5,4,0
35,2,0,5762,0,1,15,7,7,7,0
33,2,2,6949,0,0,6,5,0,4,0
40,2,1,6380,1,2,8,6,4,0,1
34,1,1,2307,1,1,5,5,2,0,1
50,1,1,2683,1,0,3,3,2,2,1
48,2,2,4240,0,0,19,2,2,2,0
54,2,1,6854,0,1,14,7,1,7,0
20,1,2,2044,0,0,2,2,2,2,1
43,1,2,2438,0,0,7,3,2,2,0
29,2,0,6384,0,2,11,7,0,6,0
34,1,0,2029,0,3,5,5,4,0,0
42,1,0,2759,1,0,7,2,2,2,1
27,1,1,3517,0,0,5,3,2,2,0
19,1,2,2121,1,0,1,1,0,0,1
39,4,1,12742,0,1,21,21,6,8,0
27,1,2,2279,0,0,7,7,7,3,0
59,3,2,10512,0,0,25,9,7,4,0
31,3,0,11557,0,1,10,5,4,1,0
28,1,1,3196,0,3,6,6,5,3,0
34,2,1,6538,0,1,6,3,2,2,0
31,1,1,2329,0,0,13,7,7,2,0
53,3,1,7525,0,1,30,15,7,12,0
41,4,1,13570,0,1,21,20,7,10,0
54,3,1,10739,0,1,22,10,7,8,0
30,1,1,2097,0,1,9,5,3,4,0
49,3,2,10965,0,0,26,5,2,0,0
46,2,0,4810,0,1,19,10,7,8,0
36,1,1,3038,0,0,5,1,0,0,0
32,1,2,2432,1,0,8,4,1,3,1
27,1,0,4066,0,2,7,7,7,7,0
32,2,1,6322,1,1,6,6,4,5,0
29,2,1,5056,1,1,10,10,7,2,0
37,1,1,3564,1,1,8,8,7,7,0
35,1,1,2690,0,1,1,1,0,1,0
51,4,1,16307,0,1,29,20,6,17,0
34,2,0,4505,0,1,12,1,0,0,0
40,5,1,18041,0,0,21,20,15,12,0
38,1,1,2991,1,1,7,6,2,2,0
48,3,2,7898,0,0,11,10,9,8,0
42,2,1,4434,0,1,10,9,8,8,0
31,3,1,11031,0,1,13,11,7,8,0
46,3,2,9619,0,0,9,9,8,7,1
35,1,1,2376,0,1,2,2,2,2,0
29,1,2,1091,0,0,1,1,0,0,1
42,2,2,4332,0,0,20,20,9,7,0
39,3,2,10880,1,0,21,21,6,8,0
22,1,1,2773,0,0,3,2,2,2,0
29,2,2,4193,1,0,10,9,5,8,0
43,2,0,4522,1,0,8,5,2,2,0
26,2,1,4741,1,1,5,5,3,3,0
31,2,1,5855,1,2,10,9,7,5,0
32,1,2,1393,0,0,1,1,0,0,1
38,1,0,4771,0,2,10,5,2,3,0
20,1,2,2973,0,0,1,1,0,0,1
56,5,0,19943,0,1,28,5,2,2,0
34,1,1,2231,0,1,6,4,3,2,0
31,2,1,6833,1,0,6,6,5,1,0
48,4,1,15202,0,1,23,2,2,2,0
40,5,0,19436,0,1,22,21,7,9,0
40,2,1,7457,1,3,6,4,3,2,0
35,2,1,5561,0,1,6,5,3,4,0
34,1,1,2742,0,0,2,2,2,2,1
35,1,1,1281,0,2,1,1,0,0,0
34,1,0,2996,0,2,10,4,3,3,0
40,2,1,8396,0,1,8,7,7,5,0
34,2,1,5346,0,1,11,7,1,7,1
36,2,0,4834,0,1,9,1,0,0,1
46,4,1,16606,0,1,23,13,12,1,0
27,2,0,4647,1,2,6,6,5,4,0
34,3,2,11994,0,0,13,12,6,11,0
42,2,2,6781,0,0,14,1,0,0,0
30,1,0,2180,0,1,6,4,2,2,1
37,2,0,6347,0,2,8,6,2,4,0
54,2,2,3780,0,0,19,1,0,0,0
49,5,0,19502,1,1,31,31,9,9,0
29,1,2,2058,0,0,7,6,2,5,1
25,1,2,1118,1,0,1,1,0,0,1
38,2,0,2133,1,1,20,20,11,7,0
36,2,2,9278,1,0,15,5,4,1,0
39,2,2,4108,0,0,18,7,7,7,0
46,3,1,10673,1,1,21,10,9,5,0
54,4,2,17328,0,0,29,20,7,7,0
45,2,1,4447,0,0,9,9,7,8,0
27,2,1,5769,1,0,6,6,2,4,0
45,2,0,2348,0,1,20,17,9,15,0
31,2,1,5468,0,2,13,12,7,7,0
27,2,1,6142,1,1,6,6,2,3,0
44,3,1,10482,0,1,24,20,6,6,1
35,1,1,2572,0,1,3,3,2,2,0
38,2,2,5666,1,0,6,5,3,3,0
30,1,1,2862,0,1,10,10,0,8,0
20,1,2,2836,0,0,1,1,0,0,0
38,1,1,3057,1,1,6,1,0,1,0
50,2,2,4728,1,0,5,0,0,0,1
27,1,2,2045,0,0,5,4,2,1,0
36,1,1,2342,0,0,6,5,4,3,0
42,1,1,4841,0,1,4,1,0,0,0
58,4,1,15787,1,0,23,2,2,2,0
33,3,0,7119,0,1,9,3,2,2,0
34,3,2,11631,0,0,14,11,10,8,0
35,1,0,3917,0,1,3,3,2,2,0
35,3,2,8606,0,0,11,11,8,3,0
41,1,1,4766,1,1,6,1,0,0,0
43,4,1,16959,1,2,25,25,12,12,0
32,1,2,2795,1,0,1,1,0,1,1
35,3,1,10685,1,1,17,17,14,15,0
31,1,2,2657,1,0,3,2,2,2,0
45,4,1,13496,1,0,21,20,7,10,0
33,1,0,2277,1,1,7,4,3,3,0
32,2,1,6209,0,2,10,10,7,8,0
34,2,2,4033,0,0,5,3,2,2,0
40,2,1,4327,0,3,5,0,0,0,0
34,2,2,4568,0,0,10,9,5,7,0
33,2,0,3055,0,2,11,9,8,7,0
32,2,1,4078,1,3,4,3,2,2,0
20,1,2,2678,0,0,2,2,1,2,0
36,3,2,8858,0,0,15,14,8,8,0
27,1,1,3468,0,1,6,2,2,2,0
25,1,1,3229,0,1,7,3,2,2,0
37,2,1,4189,0,2,5,5,2,3,0
46,4,1,16872,1,1,28,7,7,7,0
45,2,0,5770,0,2,10,10,7,9,0
34,3,1,9713,1,3,9,5,3,0,0
22,1,2,3894,0,0,4,2,2,2,1
35,3,2,9362,0,0,10,2,2,2,0
29,1,2,2362,0,0,11,9,7,7,1
40,3,2,13499,0,0,20,18,7,13,0
31,1,1,2956,0,0,2,1,0,0,1
39,3,0,9613,0,3,19,18,10,7,0
28,2,0,4877,0,1,6,5,3,0,0
33,3,1,11878,0,2,12,10,6,8,0
19,1,2,1483,0,0,1,1,0,0,0
34,1,2,3280,0,0,10,4,2,3,0
48,3,2,5381,1,0,23,1,0,0,1
39,2,1,5377,0,3,10,7,7,7,0
31,2,1,4148,0,1,4,4,3,3,0
27,1,1,2539,0,1,4,4,2,2,0
34,1,2,2972,0,0,1,1,0,0,0
24,1,1,2400,0,2,3,2,2,1,0
51,4,2,13142,0,0,29,5,2,3,0
50,4,0,17924,0,1,31,31,6,7,0
31,1,1,2218,0,1,4,4,2,2,0
36,2,0,8847,1,1,13,3,2,2,0
27,2,2,4478,1,0,5,5,4,4,0
38,1,2,3944,1,0,6,3,2,2,0
40,3,0,9705,0,1,11,1,0,0,0
43,1,0,2645,0,2,6,5,3,4,0
27,1,0,2517,0,3,5,5,3,3,0
28,1,0,2703,1,1,3,3,1,2,0
27,1,2,2379,1,0,6,5,4,2,0
45,1,1,2654,0,2,8,2,2,2,0
34,2,0,4444,0,2,15,11,8,10,0
27,3,0,8793,0,2,9,9,7,7,0
59,3,1,11904,1,1,14,6,4,4,0
44,3,2,10209,1,0,16,2,2,2,0
31,3,0,13675,0,1,9,2,2,2,0
23,1,1,2073,0,1,4,2,2,2,0
38,3,1,8823,0,1,20,19,9,9,0
43,4,0,16627,1,1,21,1,0,0,0
32,3,2,8998,0,0,9,9,8,7,0
35,2,2,4249,1,0,9,9,6,1,0
19,1,2,2552,0,0,1,1,1,0,0
45,3,0,10761,1,1,18,5,4,2,0
26,2,2,4294,0,0,7,7,7,7,0
36,3,2,7587,0,0,10,10,7,9,0
43,3,1,7510,0,1,10,10,9,9,0
22,1,0,2935,1,2,1,1,0,0,0
19,1,2,1675,1,0,0,0,0,0,1
36,2,2,5410,1,0,18,16,14,12,0
31,1,2,2785,0,0,3,1,0,0,1
36,2,0,5131,0,3,18,4,2,2,0
52,5,1,19999,0,1,34,33,18,9,0
32,1,1,3312,0,2,6,3,2,2,0
39,3,1,10920,0,1,13,6,4,5,0
52,1,0,3482,0,2,16,9,8,0,0
32,1,1,3433,0,1,10,5,2,3,0
34,1,2,2553,0,0,6,5,2,3,0
31,1,1,3929,1,1,7,4,2,2,0
18,1,2,1200,0,0,0,0,0,0,0
21,1,2,3447,0,0,3,3,2,2,0
36,2,1,6962,1,1,15,1,0,0,0
24,1,0,3907,0,3,6,6,2,2,0
34,1,1,2929,0,0,10,10,9,7,0
25,2,1,4851,0,1,4,3,2,2,0
28,1,0,1563,0,1,1,1,0,0,0
24,1,1,2127,0,1,1,1,0,0,0
58,1,1,3346,1,1,9,1,0,0,0
32,1,0,3298,1,2,7,6,2,5,0
29,1,1,3180,0,3,4,3,2,2,0
29,1,2,2642,0,0,1,1,0,0,0
44,1,1,2559,1,0,8,8,7,1,0
23,1,2,3989,1,0,5,5,4,2,1
36,2,1,5647,0,2,11,3,2,2,0
46,2,2,5562,0,0,19,10,7,9,0
40,2,2,4661,0,0,9,9,8,8,0
31,1,0,3065,1,1,4,4,2,3,0
55,2,1,5415,1,1,12,10,7,8,0
26,1,0,2377,0,1,1,1,1,0,1
59,1,1,2177,0,1,7,1,0,0,0
32,1,2,3919,1,0,10,10,2,7,1
30,1,2,2983,0,0,4,3,2,2,0
32,1,1,2269,0,1,3,2,2,2,0
29,1,2,2389,1,0,4,4,3,1,1
35,1,1,2014,0,0,2,2,2,2,0
52,5,1,19845,0,1,33,32,14,9,1
40,1,0,2345,0,1,8,3,1,2,0
32,2,1,4707,0,0,6,4,2,2,1
33,2,2,5147,0,0,13,11,7,7,0
42,5,1,18880,0,0,24,22,6,14,0
36,1,2,2519,0,0,16,11,8,9,0
48,4,0,17174,0,1,24,22,17,7,0
49,1,1,3580,0,1,7,4,2,2,0
43,1,2,3539,0,0,10,9,7,8,0
37,2,1,5768,0,3,9,4,3,2,0
45,4,2,16704,0,0,21,21,6,6,0
55,1,1,2662,0,1,19,5,2,4,0
28,1,0,2596,0,2,1,1,0,0,1
22,1,1,2323,0,2,2,2,2,2,0
56,5,2,19717,0,0,36,7,3,7,0
35,2,2,4581,1,0,13,11,9,7,1
49,4,1,13120,0,1,22,9,8,3,0
24,1,1,2145,0,1,3,2,2,1,0
46,2,0,7379,0,1,12,6,3,4,0
45,5,2,18824,1,0,26,24,10,11,1
53,2,1,2306,1,1,13,7,7,5,0
45,2,1,5906,0,2,10,9,8,8,0
33,2,0,7725,0,1,15,13,11,7,0
46,4,2,17567,0,0,27,26,0,12,0
35,2,1,6883,0,1,17,7,7,7,0
34,2,2,4809,0,0,16,16,13,10,0
24,1,0,2694,0,3,1,1,0,0,0
35,1,1,2705,0,1,6,5,4,3,0
45,2,1,4385,0,1,10,10,7,5,0
35,3,1,9884,1,1,10,4,0,3,0
35,3,1,7295,0,2,10,10,8,6,0
41,3,1,8392,0,1,10,10,7,7,0
33,2,1,4878,1,1,10,9,7,1,0
36,1,2,2153,0,0,8,8,1,7,0
23,1,2,2647,0,0,5,5,2,4,0
29,1,2,4723,1,0,10,10,9,5,0
38,3,2,9526,0,0,10,9,7,8,0
31,4,2,16422,0,0,9,3,2,0,0
43,2,1,5675,0,1,7,7,7,7,0
24,1,2,3172,1,0,4,0,0,0,1
45,2,1,4805,0,1,9,8,7,7,0
42,2,2,6545,1,0,10,3,2,2,0
31,2,2,6812,0,0,10,10,9,8,0
28,1,1,2044,0,1,5,5,3,3,0
32,1,1,2743,0,1,2,2,2,2,0
26,1,2,2867,0,0,8,7,7,6,0
30,1,0,3761,0,1,10,5,4,3,0
23,1,0,2904,0,2,4,4,2,2,0
38,2,1,5811,1,1,15,1,0,0,0
32,2,2,2176,0,0,9,6,2,4,0
40,2,0,5605,0,1,20,20,7,13,0
37,2,1,6447,0,1,8,6,5,3,0
24,1,1,3162,0,0,6,5,2,4,0
40,1,2,2809,0,0,8,2,2,2,0
36,1,1,2810,0,0,5,5,4,2,0
23,1,1,2500,0,1,5,4,3,2,0
44,3,1,7978,0,1,10,10,7,5,1
42,2,1,4089,0,2,10,10,2,2,0
29,1,1,2804,0,0,1,1,0,0,0
40,1,2,2166,1,0,10,4,2,3,1
30,1,2,2720,0,0,6,5,3,2,0
30,2,2,6577,0,0,6,5,4,4,0
42,4,1,17861,1,0,21,20,8,10,0
42,2,0,5087,1,2,14,0,0,0,0
28,2,2,4908,0,0,4,4,2,2,0
26,1,2,2340,1,0,1,1,0,0,1
40,5,1,19033,0,1,21,20,8,9,0
49,1,1,3211,0,1,10,9,6,4,0
26,1,1,2305,0,3,3,3,2,2,0
55,2,2,5160,0,0,12,9,7,3,1
30,1,2,2632,0,0,5,5,4,4,0
50,2,1,6347,0,1,19,18,7,13,0
35,2,1,4614,1,1,5,4,2,2,1
42,2,0,5265,0,1,11,5,3,2,0
33,1,1,2781,0,1,15,14,10,10,0
50,5,0,19144,0,2,28,10,4,6,0
26,2,2,5828,1,0,8,8,7,4,1
29,1,1,4787,1,3,4,2,2,2,1
39,5,0,19197,1,1,21,21,8,6,0
56,1,1,4963,1,3,7,5,4,3,1
55,1,0,3537,0,1,8,4,2,2,0
34,1,0,3815,1,1,5,5,3,0,0
35,1,2,4323,0,0,6,5,4,4,0
33,1,1,2911,0,1,2,2,2,2,0
31,2,1,5617,1,0,10,10,7,8,1
28,1,2,2144,0,0,5,5,3,4,0
18,1,2,1569,1,0,0,0,0,0,1
36,3,1,7596,0,2,10,10,9,0,0
30,3,2,9667,0,0,9,7,7,2,0
45,1,1,4477,1,1,7,3,2,2,0
54,2,1,5940,0,1,16,6,2,5,0
32,2,1,6524,0,1,10,10,8,3,0
49,2,1,5130,0,1,10,10,7,7,0
54,4,2,17328,1,0,23,5,3,4,0
35,2,1,4601,0,0,5,5,2,0,0
31,1,0,1129,1,3,1,1,0,0,0
41,2,2,6151,0,0,19,19,2,9,0
37,2,2,4213,0,0,10,10,3,8,1
32,2,2,9907,1,0,7,2,2,2,1
42,1,1,2093,0,1,8,2,2,0,0
28,1,1,2408,1,3,1,1,1,0,1
38,1,1,2468,0,1,9,6,1,5,0
21,1,2,2693,0,0,1,1,0,0,1
35,2,1,4788,1,0,4,3,2,2,0
31,3,1,8161,0,3,10,1,0,0,1
40,2,0,4448,0,1,15,7,4,7,0
52,2,1,4941,0,0,11,8,2,7,1
37,1,1,2973,0,1,10,5,4,0,0
31,1,2,2321,1,0,4,3,2,2,1
33,1,1,3143,0,1,14,10,8,6,0
18,1,2,1611,0,0,0,0,0,0,0
52,4,1,13826,0,0,31,9,8,0,0
42,1,2,2515,1,0,8,2,1,2,0
27,1,2,3445,0,0,6,6,2,4,0
37,3,1,13744,1,1,16,16,11,8,0
49,2,2,4507,0,0,8,5,1,4,0
41,2,1,4393,0,1,14,5,4,4,0
37,2,0,6694,1,3,8,1,0,0,0
29,1,0,2800,1,3,5,3,2,2,1
31,1,2,1359,0,0,1,1,0,0,1
53,2,2,2450,0,0,19,2,2,2,0
38,3,1,13582,0,1,15,15,12,11,0
37,1,0,2782,1,2,6,5,3,3,0
30,3,1,9250,0,1,9,4,2,3,0
41,1,0,2289,0,2,5,5,3,4,0
36,2,0,6842,0,1,13,5,4,4,0
34,3,2,8621,0,0,9,8,7,7,0
35,1,1,2404,0,1,1,1,0,0,0
28,1,2,2216,1,0,10,7,7,7,1
47,4,0,15972,0,3,29,3,2,2,0
26,2,2,4969,0,0,7,2,2,2,1
34,2,1,8103,1,0,9,4,2,1,0
31,2,0,5460,0,2,13,7,7,7,0
54,3,1,13549,0,1,16,4,3,3,0
47,1,1,3420,0,1,17,6,5,2,0
25,2,2,6180,0,0,6,6,5,4,0
55,5,1,19038,0,3,34,1,0,0,0
50,1,1,2380,0,0,8,1,0,0,0
33,1,1,3600,0,1,5,5,4,4,0
44,1,1,2011,0,1,10,10,5,7,0
48,2,0,5486,0,3,15,2,2,2,0
22,1,0,2328,1,1,4,4,2,2,0
54,5,1,19406,0,1,24,4,2,2,0
34,2,2,7756,0,0,7,6,2,4,0
35,2,1,8966,1,3,15,7,7,7,0
25,2,2,4487,1,0,5,5,4,3,0
50,5,1,19237,1,1,29,8,1,7,0
26,1,1,2933,1,1,1,1,0,0,0
32,3,1,9610,0,1,10,4,3,2,0
41,1,1,2127,1,0,7,4,2,3,0
38,1,1,2899,0,1,3,2,2,2,0
28,2,1,4779,1,0,8,8,7,5,0
41,2,0,4103,0,1,10,9,3,7,0
35,1,0,3743,1,1,5,4,2,2,1
25,1,1,2413,1,3,1,1,0,0,1
58,4,2,13872,0,0,38,37,10,8,0
48,4,2,16885,0,0,27,5,4,1,0
52,3,1,7969,1,0,28,5,4,4,0
53,2,2,8381,0,0,18,14,7,10,0
49,2,1,4789,0,1,10,3,2,2,0
28,1,1,2909,0,1,5,3,2,2,1
28,1,1,3867,1,1,2,2,2,2,0
51,1,1,2461,1,3,18,10,0,7,1
27,2,1,4298,0,1,6,2,2,0,0
26,1,1,2942,0,1,8,8,7,7,0
44,2,1,4768,0,1,11,1,0,0,0
35,1,0,1951,0,1,1,1,0,0,0
27,1,1,2099,0,0,6,5,0,4,0
52,1,2,3212,0,0,6,2,2,2,0
34,2,2,5304,1,0,9,5,2,4,1
26,1,0,2373,1,1,5,3,2,2,1
26,1,0,2886,0,2,3,3,2,2,0
40,2,1,3448,0,1,20,1,0,0,0
47,4,1,16752,1,1,26,26,14,0,0
35,3,1,10306,0,0,15,13,12,0,1
50,4,2,14411,1,0,32,32,6,9,0
35,3,1,10903,0,0,16,13,10,8,0
21,1,2,3117,0,0,3,2,2,2,0
27,1,1,2226,0,1,6,5,3,2,0
48,2,1,8120,0,0,12,2,2,2,0
36,3,0,10096,0,3,17,17,14,8,0
28,1,2,2028,1,0,6,4,2,3,1
36,1,2,2013,0,0,15,4,3,3,0
30,1,0,2064,0,1,6,5,3,3,0
48,4,1,15402,0,1,21,3,2,2,0
55,4,2,16659,1,0,30,5,4,2,0
55,5,2,18722,0,0,36,24,15,15,0
34,1,1,2220,1,1,1,1,1,0,0
30,2,2,6696,0,0,9,6,3,1,1
35,3,2,9582,1,0,9,8,7,7,1
54,4,0,16032,0,1,26,14,9,12,0
42,2,1,6272,0,1,10,4,3,3,0
29,1,2,3983,0,0,4,3,2,2,0
47,2,2,4163,1,0,9,9,0,7,0
42,4,1,13525,0,1,23,20,4,8,0
31,1,2,1261,0,0,1,1,0,0,1
51,3,1,13116,0,0,15,2,2,2,0
33,4,0,16184,0,1,10,6,1,5,0
39,3,1,9991,0,1,9,7,7,7,0
21,1,2,2070,1,0,2,2,2,2,0
36,1,1,3210,0,1,16,15,13,11,0
43,2,2,4081,1,0,20,20,7,8,0
49,2,0,6804,1,2,7,7,7,7,0
27,1,0,2024,0,1,6,2,2,2,0
35,3,0,10388,1,1,16,16,10,1,0
56,4,1,13212,0,3,36,7,7,7,0
30,3,0,7264,0,1,10,8,4,7,0
42,5,2,19613,0,0,24,1,0,1,0
23,1,2,3505,0,0,2,2,2,2,0
25,1,1,4400,0,0,6,3,2,2,1
24,2,1,4162,1,2,5,5,4,3,0
29,1,1,2451,0,2,5,1,0,0,0
29,3,1,7639,0,3,10,10,4,9,1
24,1,1,2293,1,1,6,2,0,0,1
43,3,0,10798,0,1,18,1,0,0,0
35,2,2,6646,0,0,17,17,11,8,0
34,2,1,6712,0,2,8,8,7,7,0
28,1,0,2367,0,1,6,4,1,3,1
51,2,2,5441,1,0,11,10,7,0,0
33,2,2,5487,0,0,10,10,4,9,0
59,2,2,5171,0,0,13,6,1,5,0
45,2,2,6632,0,0,9,8,7,1,0
28,2,2,9854,1,0,6,2,0,2,1
20,1,2,2323,1,0,2,2,2,2,1
32,2,1,4465,0,0,4,3,2,2,0
34,1,0,2661,0,1,3,2,2,2,0
43,1,2,2455,0,0,9,8,7,7,0
32,2,1,6162,0,1,14,14,13,8,0
40,2,0,5715,0,2,8,5,4,3,0
26,1,1,2148,1,0,6,5,1,4,1
41,1,0,2451,0,1,13,9,8,8,0
35,1,1,2258,0,1,10,8,0,7,0
24,2,0,4011,0,1,5,4,2,3,0
53,4,1,11836,0,1,28,2,0,2,0
47,5,1,19658,0,1,27,5,2,0,0
31,1,1,2610,0,1,2,2,2,2,1
34,2,0,4001,1,1,15,15,14,7,0
33,1,2,2686,1,0,10,10,9,8,1
32,3,1,10422,0,2,14,14,10,7,0
41,1,2,4721,1,0,20,18,13,17,0
40,1,0,3544,0,1,6,4,2,0,0
51,4,2,13734,0,0,21,7,7,0,0
55,4,2,13695,1,0,24,19,7,8,1
52,4,1,17099,0,1,26,9,8,8,0
54,3,1,10725,0,1,16,9,7,1,0
23,2,2,2272,0,0,5,4,3,2,0
24,1,1,2725,1,2,6,6,5,4,0
20,1,2,3033,0,0,2,2,2,2,0
38,2,2,6861,1,0,19,1,0,0,0
29,1,2,2340,0,0,6,6,5,5,0
36,1,2,3407,0,0,10,5,3,3,1
28,1,1,2856,0,1,1,1,0,0,0
41,2,2,6811,1,0,10,8,7,7,0
54,4,1,17426,0,1,36,10,8,7,0
35,3,0,11996,0,1,10,7,7,2,0
55,5,1,19187,0,1,23,19,9,11,0
35,1,2,4930,1,0,6,5,4,4,0
30,1,2,2285,1,0,3,1,0,0,1
45,2,1,5593,0,1,15,15,10,12,0
39,5,2,19431,0,0,21,6,0,3,0
29,2,0,8268,1,2,7,7,7,7,0
26,1,0,2007,0,2,5,5,3,3,0
29,1,2,2439,1,0,1,1,0,0,1
43,1,2,4739,0,0,18,3,2,2,0
24,1,1,2210,0,1,1,1,0,0,1
35,2,2,6142,1,0,10,5,2,4,0
53,3,2,10448,1,0,15,2,2,2,1
51,1,1,2075,0,2,10,4,2,3,0
43,2,0,5257,0,1,9,9,7,0,0
23,1,2,3295,0,0,3,3,2,2,0
41,4,1,16595,0,1,22,18,16,8,0
33,2,1,6146,0,1,8,7,7,7,0
49,2,1,6651,0,1,20,3,2,2,0
33,2,1,5207,1,1,15,15,14,7,0
35,2,1,3407,0,2,10,10,9,8,0
41,2,2,6870,0,0,11,3,2,2,0
22,1,1,2853,1,1,1,0,0,0,1
29,2,1,4025,1,1,10,4,3,3,0
50,5,1,19331,1,1,27,1,0,0,0
35,1,1,3412,0,0,9,4,2,2,1
34,3,2,8553,1,0,10,0,0,0,1
25,1,1,2411,1,3,1,1,0,0,1
31,1,1,4198,0,0,9,4,3,3,1
36,1,1,2089,1,0,6,0,0,0,1
23,1,0,2285,1,1,4,2,0,0,1
28,1,2,3944,1,0,8,8,2,5,1
32,1,0,3731,1,1,6,2,2,2,1
29,1,2,1140,0,0,1,1,0,0,1
33,1,1,4350,0,0,5,1,1,0,1
37,1,0,3174,1,0,14,2,0,1,1
19,1,1,1623,0,0,0,0,0,0,1
37,1,1,2089,0,0,9,0,0,0,1
35,1,0,3776,0,0,5,4,2,2,1
42,1,1,2362,0,0,9,3,2,2,1
29,2,1,9783,0,0,8,6,4,4,1
48,3,0,10827,0,0,19,3,2,0,1
41,1,1,2447,1,1,12,7,2,5,1
43,2,1,4677,1,0,5,1,0,0,1
49,3,1,10645,0,0,17,5,1,3,1
42,1,1,4748,1,1,4,0,0,0,1
30,1,0,2031,0,1,2,2,0,0,1
50,2,2,5132,0,0,11,7,6,2,1
38,1,0,2773,0,0,8,5,5,0,1
33,1,0,3369,1,1,5,3,2,2,1
34,3,0,9959,0,2,11,2,1,1,1
32,2,1,9910,1,0,7,2,2,2,1
51,4,2,13713,1,0,23,19,7,9,1
22,1,1,2398,1,0,1,1,0,0,1
44,4,2,13746,1,0,22,20,8,12,1
28,1,2,3162,1,0,4,1,0,0,1
31,2,1,6172,1,0,11,7,6,7,1
38,1,2,3919,0,0,6,5,2,3,1
33,1,2,2959,0,0,7,3,1,2,1
33,1,1,3693,1,0,8,1,1,1,1
27,1,1,2129,1,0,6,6,4,5,1
37,1,2,3145,1,0,4,3,2,1,1
38,1,1,3651,1,0,10,1,0,0,1
44,1,0,2341,0,2,6,5,3,3,1
29,1,1,3445,1,0,4,2,1,1,1
22,1,2,1360,0,0,0,0,0,0,1
30,1,2,2422,0,0,4,3,1,2,1
22,1,1,2969,0,0,1,1,0,0,1
31,2,1,6175,1,0,11,8,4,7,1
35,1,1,2773,0,0,4,1,0,0,1
27,1,1,2215,0,0,9,6,6,6,1
29,1,1,4778,0,2,4,2,2,2,1
31,1,1,2313,1,1,2,2,0,0,1
54,4,2,13689,1,0,23,18,6,7,1
41,2,1,5364,0,0,17,3,0,3,1
54,4,2,13666,1,0,23,17,6,7,1
52,1,0,2338,0,1,12,9,8,7,1
34,2,1,5308,0,0,9,5,1,4,1
27,1,1,2892,0,0,3,2,1,1,1
28,1,0,2036,1,1,7,4,2,3,1
32,1,2,2316,1,0,4,2,2,2,1
28,1,1,2441,1,0,1,1,0,0,1
42,3,1,10624,0,0,17,10,1,5,1
30,1,0,3069,0,0,4,4,3,2,1
46,1,1,2684,0,0,2,2,1,1,1
30,1,1,2061,0,0,7,5,2,4,1
34,1,0,3742,1,1,5,3,2,2,1
31,1,2,1359,0,0,1,1,0,0,1
54,2,1,5162,0,0,12,8,6,2,1
23,2,1,4175,0,0,4,3,2,2,1
40,4,2,13255,1,0,22,3,0,1,1
32,1,1,2434,1,0,8,4,2,3,1
26,1,1,2339,1,0,1,1,0,0,1
32,3,1,10393,0,0,14,13,8,7,1
31,1,1,2025,1,0,7,6,2,5,1
40,2,2,5987,1,0,8,6,4,4,1
18,1,2,1891,0,0,0,0,0,0,1
39,1,1,2353,0,0,12,9,7,7,1
31,2,2,6723,0,0,9,1,0,0,1
48,2,2,5261,0,0,9,6,4,3,1
49,3,1,10316,0,1,31,31,8,6,1
41,1,1,2600,0,0,3,2,2,1,1
43,4,2,13751,1,0,22,20,8,13,1
57,3,1,10015,0,0,31,11,8,9,1
39,2,2,5942,1,0,8,7,4,5,1
30,1,1,2422,0,0,4,3,2,2,1
34,2,2,5814,1,0,9,9,7,6,1
23,1,1,2159,1,0,4,4,1,3,1
48,3,0,11644,0,0,21,10,3,3,1
29,1,2,1083,0,0,1,1,0,0,1
55,1,0,2376,0,0,4,1,0,0,1
30,2,1,9898,1,1,8,2,0,2,1
51,1,1,2347,0,0,12,7,6,5,1
40,1,1,2446,1,1,12,7,2,5,1
41,4,2,13714,1,0,22,19,8,12,1
35,1,1,3386,1,0,2,1,0,0,1
49,3,0,10894,1,0,20,3,2,0,1
23,1,1,2856,0,0,1,0,0,0,1
36,1,0,2073,1,0,4,2,1,1,1
35,2,1,4603,1,0,7,6,4,3,1
41,3,1,8012,0,1,10,8,5,4,1
37,2,1,6051,1,0,8,7,3,5,1
22,1,2,3973,0,0,4,4,3,2,1
29,1,2,2027,0,0,6,4,2,2,1
34,2,1,4603,0,0,11,9,7,6,1
41,5,1,19529,0,0,23,22,15,8,1
38,2,1,6042,1,0,9,6,4,5,1
46,3,1,10546,0,0,21,13,4,4,1
48,4,2,13485,1,0,23,11,4,4,1
40,2,2,9312,0,0,8,8,7,7,1
29,1,1,2420,0,0,3,2,1,1,1
21,1,2,2692,0,0,1,1,0,0,1
22,1,1,4171,0,0,4,3,2,2,1
36,1,2,3909,0,0,7,6,2,4,1
35,1,2,2955,0,0,7,4,2,2,1
29,1,1,4785,0,2,4,2,2,2,1
27,1,1,2119,1,0,6,6,5,5,1
32,1,2,3938,0,0,5,5,2,2,1
27,1,2,2392,1,0,6,6,2,4,1
42,4,1,13941,0,0,22,21,9,13,1
26,1,0,2375,1,0,4,3,2,1,1
25,1,2,3113,0,0,6,5,3,3,1
38,2,2,5326,0,0,7,4,2,3,1
39,2,2,5335,1,0,14,3,1,2,1
34,1,0,2068,0,0,7,3,2,2,1
30,2,1,5628,1,0,9,9,7,7,1
29,1,1,2286,1,0,3,1,0,0,1
48,2,1,4930,0,0,10,8,2,5,1
43,1,0,2341,1,2,5,4,2,2,1
20,1,1,2322,1,0,1,1,1,1,1
24,1,1,2570,0,0,3,1,1,0,1
34,1,1,3391,0,0,10,5,3,3,1
40,2,1,6380,1,1,8,5,4,0,1
54,1,0,2339,0,1,12,9,8,7,1
38,3,1,10378,0,0,20,20,8,7,1
25,1,1,2403,1,1,1,1,0,0,1
41,1,0,3145,0,1,17,1,0,0,1
38,1,1,3650,1,0,10,1,0,0,1
29,1,1,2775,0,1,3,2,2,2,1
29,2,1,4563,0,0,4,2,2,1,1
37,1,0,2772,0,0,7,5,5,0,1
31,1,2,2306,1,0,3,2,2,2,1
25,1,2,2052,0,0,5,4,2,3,1
35,1,0,3390,0,1,2,1,0,0,1
30,1,1,3188,1,0,10,3,2,2,1
23,1,2,2581,0,0,4,0,0,0,1
49,2,0,6861,0,2,12,6,3,2,1
41,1,0,2768,1,0,8,4,4,0,1
41,1,0,2761,1,0,7,2,2,1,1
26,1,1,3799,0,0,5,2,2,2,1
30,3,1,7894,0,1,9,4,3,3,1
45,2,1,6431,1,0,9,4,3,2,1
23,1,2,2584,0,0,3,0,0,0,1
33,2,1,4609,0,0,4,3,2,1,1
28,1,1,2547,0,0,5,1,1,0,1
40,3,0,10077,0,1,21,8,1,2,1
42,2,1,6386,1,1,8,5,4,1,1
37,1,1,2676,1,0,12,9,8,7,1
39,3,0,10661,0,0,17,11,1,5,1
49,3,1,10644,0,0,17,5,1,3,1
29,1,0,2799,1,2,5,2,2,2,1
27,2,1,5951,1,0,8,8,5,5,1
37,1,0,2364,0,0,8,3,1,2,1
50,4,1,13233,0,0,24,21,5,9,1
26,1,1,2727,0,0,1,1,0,0,1
28,1,1,2556,0,0,7,0,0,0,1
27,2,2,4578,0,0,7,5,4,2,1
38,2,1,6530,1,0,12,3,1,0,1
34,2,1,4634,0,0,5,4,2,2,1
34,1,2,4161,0,0,8,8,2,7,1
51,3,1,10601,1,0,16,2,2,1,1
21,1,1,2930,0,0,1,1,0,0,1
33,1,1,2437,1,1,8,5,3,4,1
34,2,1,4710,0,0,5,3,1,1,1
28,1,0,2803,1,2,4,2,1,1,1
43,2,2,9484,0,0,8,8,7,7,1
35,1,1,3407,0,0,9,4,3,3,1
35,2,1,4596,1,0,9,7,5,4,1
25,1,2,1117,0,0,1,1,0,0,1
23,1,1,2160,1,0,4,4,1,3,1
40,1,2,2943,0,0,6,5,3,2,1
26,1,0,2199,0,1,2,2,0,0,1
49,2,1,5204,0,0,11,8,5,3,1
32,1,1,3356,1,0,9,9,7,6,1
35,1,1,4893,0,1,9,9,4,1,1
28,1,1,2520,0,0,1,0,0,0,1
51,2,2,5181,0,0,11,8,6,3,1
21,1,1,2170,1,0,3,3,1,2,1
45,1,1,2445,1,1,10,4,0,2,1
33,2,1,5567,0,0,9,8,6,7,1
37,1,0,2783,1,0,6,4,4,0,1
20,1,2,1099,0,0,1,1,0,0,1
44,3,1,10358,0,0,26,26,8,7,1
26,1,1,3843,0,0,4,2,2,2,1
29,1,1,3468,0,0,4,0,0,0,1
29,1,1,2026,1,0,6,5,2,3,1
43,1,1,2936,0,0,5,5,3,1,1
19,1,1,1662,1,0,0,0,0,0,1
37,2,1,6468,0,1,8,6,3,0,1
24,1,1,2410,1,2,1,1,0,0,1
45,5,1,18914,0,0,26,24,10,10,1
35,1,0,2021,0,0,10,9,2,7,1
44,1,1,2330,0,0,9,6,5,5,1
50,3,0,10811,0,0,19,3,2,0,1
33,2,1,6580,0,0,8,6,3,0,1
28,1,1,2578,0,0,4,0,0,0,1
36,1,1,3109,0,0,4,4,3,2,1
24,2,2,4577,0,0,4,2,2,0,1
40,3,0,10072,0,1,20,7,1,1,1
25,1,2,3128,0,0,5,3,2,2,1
25,1,2,1129,0,0,1,1,0,0,1
30,1,1,2404,1,0,3,0,0,0,1
31,1,1,2956,0,0,2,1,0,0,1
26,1,0,2741,0,0,7,6,6,0,1
31,2,1,4599,0,0,4,2,2,2,1
33,1,1,2325,1,0,4,3,2,2,1
29,1,1,2770,0,0,2,2,2,2,1
30,1,2,2780,0,0,2,1,0,0,1
33,1,0,2024,0,1,8,8,1,6,1
38,1,0,2363,0,0,8,3,1,2,1
20,1,1,1584,1,0,0,0,0,0,1
30,1,1,2314,1,1,2,2,0,0,1
26,1,1,2962,0,0,1,1,0,0,1
51,5,2,19050,1,0,33,27,12,9,1
38,2,1,6599,1,0,14,2,1,0,1
32,1,2,2686,0,0,9,9,8,7,1
28,1,1,2053,0,0,6,5,2,4,1
21,1,1,1591,1,1,0,0,0,0,1
34,1,1,2682,1,0,10,9,8,7,1
27,1,1,1499,0,1,1,0,0,0,1
48,5,1,19405,0,0,30,26,15,8,1
44,2,2,5326,0,0,7,4,3,3,1
18,1,2,1502,0,0,0,0,0,0,1
47,4,2,13428,1,0,22,9,3,3,1
38,1,1,2086,0,0,16,0,0,0,1
34,2,0,4799,0,0,8,1,0,0,1
32,1,1,2434,1,0,8,4,2,3,1
18,1,2,1880,0,0,0,0,0,0,1
35,1,1,3375,1,0,4,3,2,2,1
49,3,0,10143,0,1,30,26,5,7,1
30,1,1,2315,1,1,2,2,0,0,1
45,2,1,4270,0,0,18,3,2,2,1
29,1,2,1243,0,0,1,1,0,0,1
26,1,1,2605,0,0,1,1,1,1,1
29,1,2,2299,0,0,2,2,1,1,1
43,4,2,13299,1,0,22,4,1,1,1
34,2,1,5325,0,0,10,6,1,5,1
34,1,0,2743,0,0,2,2,2,2,1
36,1,1,2437,1,0,3,1,0,0,1
43,4,2,15851,1,0,23,22,9,12,1
43,5,1,19007,0,0,25,23,11,10,1
34,2,0,9987,0,1,12,1,0,0,1
26,1,0,2379,0,0,1,1,1,0,1
37,1,2,3908,0,0,7,6,2,4,1
33,2,0,9934,1,1,9,2,2,2,1
32,1,0,2068,0,0,3,2,0,1,1
23,1,1,2329,0,1,2,0,0,0,1
28,1,1,2363,0,0,9,7,4,5,1
22,2,1,4172,0,0,4,3,2,2,1
38,1,1,2686,0,0,2,2,1,1,1
48,3,1,10206,0,1,29,28,7,8,1
29,1,1,2952,0,0,1,1,0,0,1
47,2,1,4710,1,0,5,0,0,0,1
28,1,1,2432,1,0,1,1,0,0,1
47,2,1,4945,0,0,10,7,2,6,1
30,2,1,9750,0,0,9,8,6,6,1
24,1,2,3901,0,0,5,4,2,3,1
42,2,2,9659,0,0,8,7,6,6,1
33,1,0,3405,0,2,7,3,2,2,1
53,3,1,10180,0,1,34,33,7,8,1
18,1,2,1619,1,0,0,0,0,0,1
24,1,2,2669,0,0,3,2,0,1,1
29,1,1,4789,0,2,4,2,2,2,1
44,3,1,7350,0,3,13,8,6,7,1
37,2,2,5884,1,0,9,8,5,6,1
31,1,1,2321,0,0,4,3,2,2,1
32,2,2,8290,0,0,6,5,2,3,1
26,1,1,2417,1,2,2,1,0,0,1
30,2,2,9893,1,0,6,2,1,2,1
44,4,2,13747,1,0,22,20,8,12,1
35,3,1,13659,1,0,17,11,6,9,1
29,1,2,2658,0,0,7,4,1,3,1
26,1,2,1106,0,0,1,1,0,0,1
24,1,1,2936,0,0,3,2,1,1,1
29,1,2,2684,0,0,7,7,6,5,1
47,1,0,2366,0,0,8,2,1,1,1
30,1,2,2780,0,0,2,1,0,0,1
23,1,2,2671,0,0,3,2,0,1,1
34,1,1,3365,1,0,6,6,4,4,1
35,1,1,2172,0,0,8,4,2,2,1
31,1,1,4859,0,1,8,8,3,1,1
26,1,1,2861,0,0,1,0,0,0,1
27,1,1,4857,0,1,5,2,2,2,1
34,2,2,4586,1,0,13,12,9,7,1
33,2,1,4218,0,0,10,3,2,2,1
20,1,2,1126,0,0,1,1,0,0,1
35,1,1,2025,0,0,8,3,2,0,1
43,2,1,4777,0,0,6,0,0,0,1
32,1,2,2313,1,0,4,2,2,2,1
34,1,0,2067,0,0,7,4,2,3,1
29,1,1,2951,0,0,1,1,0,0,1
32,2,1,4699,0,0,6,4,2,2,1
31,1,2,3918,0,0,9,9,2,6,1
26,1,0,2382,0,0,3,3,1,2,1
29,3,1,7622,0,2,9,9,4,8,1
37,2,2,8280,1,0,7,5,3,4,1
31,1,1,2796,1,0,2,1,0,1,1
31,3,1,8257,0,2,10,0,0,0,1
52,3,2,10529,0,0,16,2,2,2,1
23,1,1,2329,0,1,2,0,0,0,1
36,1,2,4341,0,0,11,2,2,1,1
38,1,1,2019,0,0,13,6,3,2,1
35,2,2,5293,0,0,9,5,2,3,1
25,1,1,2294,1,0,5,2,0,0,1
27,1,0,3044,0,0,4,4,3,2,1
29,1,0,2798,0,2,4,2,1,1,1
28,1,1,2364,0,0,9,7,5,5,1
32,2,2,9889,0,0,7,2,2,2,1
28,1,1,2130,1,0,5,4,1,0,1
51,3,1,10444,0,0,14,2,2,2,1
31,1,2,1358,0,0,1,1,0,0,1
31,1,2,2427,0,0,6,3,1,2,1
34,2,1,8185,0,0,6,5,2,3,1
26,1,0,2367,0,1,7,7,6,6,1
42,2,2,9409,0,0,8,8,7,7,1
48,3,1,10641,0,0,17,6,1,3,1
29,1,2,4354,0,0,5,3,2,2,1
29,1,1,2318,1,0,1,1,0,0,1
34,2,2,4584,1,0,13,11,9,7,1
33,1,1,2918,0,0,5,4,2,2,1
26,1,0,1953,1,0,5,5,1,4,1
34,2,1,4608,1,0,8,7,4,4,1
50,3,1,10629,0,0,18,5,2,3,1
33,1,1,2340,1,1,2,2,1,1,1
45,1,1,2660,1,1,17,9,7,7,1
30,2,1,9896,1,1,8,2,0,2,1
36,1,1,2023,0,0,9,3,2,0,1
18,1,2,1890,0,0,0,0,0,0,1
33,1,1,3424,0,0,8,4,2,2,1
31,1,2,2429,0,0,6,3,1,2,1
20,1,1,1638,1,0,0,0,0,0,1
21,1,1,1558,0,1,0,0,0,0,1
22,1,1,2399,1,0,1,1,0,0,1
34,1,2,3913,0,0,8,8,2,5,1
25,1,2,2673,0,0,4,3,1,2,1
28,1,0,2591,0,1,1,1,0,0,1
26,1,0,2373,0,1,2,2,1,1,1
19,1,2,2323,0,0,1,1,1,1,1
32,2,0,4714,0,0,6,3,1,1,1
28,1,1,3471,0,0,5,1,1,1,1
39,2,2,5331,0,0,7,4,2,3,1
48,1,1,2457,1,2,16,9,0,6,1
22,1,1,2175,0,0,3,3,2,2,1
29,2,1,6041,1,0,10,7,7,5,1
25,1,1,2882,0,1,3,1,1,1,1
22,1,2,2692,0,0,1,1,0,0,1
33,1,1,3356,1,0,8,8,6,5,1
30,1,0,2607,0,1,1,1,1,1,1
23,1,2,1031,0,0,1,1,0,0,1
38,3,0,10004,0,2,16,10,3,3,1
28,1,1,2802,0,0,2,0,0,0,1
27,1,2,2394,1,0,7,7,1,6,1
29,1,2,1085,0,0,1,1,0,0,1
27,1,1,2031,1,0,6,3,2,2,1
41,1,0,2341,1,2,5,4,2,2,1
26,1,0,2369,0,1,5,5,4,4,1
18,1,2,1899,0,0,0,0,0,0,1
20,1,2,2967,0,0,1,1,0,0,1
32,2,1,6209,1,2,9,9,2,5,1
26,1,0,2373,0,1,4,2,1,1,1
34,1,1,3363,1,0,6,6,4,4,1
45,2,0,6721,0,1,11,6,3,1,1
30,1,1,2404,1,0,3,0,0,0,1
30,1,1,2112,1,0,7,5,5,5,1
27,1,2,1098,0,0,1,1,0,0,1
39,2,1,9935,1,0,13,4,3,3,1
27,1,1,2753,0,0,4,3,3,1,1
34,1,1,2327,1,0,4,3,2,2,1
41,4,2,13500,1,0,22,11,4,7,1
54,3,1,10205,0,1,35,34,7,8,1
51,3,0,10713,1,0,18,2,2,0,1
42,3,1,10453,0,1,22,19,6,6,1
21,1,2,2680,0,0,1,1,0,0,1
27,1,2,1102,0,0,1,1,0,0,1
42,3,1,10625,0,0,17,9,1,5,1
33,1,1,2029,0,0,10,4,3,0,1
28,1,2,1086,0,0,1,1,0,0,1
37,1,0,2074,0,0,8,2,1,1,1
42,3,0,11994,1,0,17,4,3,2,1
22,1,2,3942,0,0,4,3,3,2,1
31,2,1,7996,0,1,7,6,2,5,1
34,1,0,2742,0,0,2,2,2,2,1
28,1,1,2034,0,0,1,1,0,0,1
27,1,1,2913,0,0,4,2,1,1,1
26,1,0,2279,1,0,3,2,1,1,1
31,2,2,8020,1,0,6,5,3,4,1
37,2,1,4218,0,0,9,9,2,7,1
33,1,1,3410,1,0,2,1,0,0,1
29,2,1,4964,0,0,7,2,2,2,1
33,1,1,2102,1,0,7,2,2,2,1
37,2,1,6708,0,0,10,6,3,1,1
26,1,2,2681,0,0,4,4,3,3,1
27,1,1,2419,1,2,2,2,1,1,1
33,1,1,3350,1,0,9,9,7,6,1
52,3,1,10478,1,0,15,2,2,1,1
19,1,2,1050,0,0,1,1,0,0,1
25,1,1,2412,1,3,1,1,0,0,1
30,1,1,4556,0,0,4,2,2,2,1
36,2,1,6676,0,0,15,1,0,0,1
34,2,1,5295,1,0,9,4,1,3,1
34,2,2,5307,0,0,8,4,2,3,1
26,1,0,2373,0,1,4,2,1,1,1
37,3,1,8066,0,1,10,5,3,2,1
36,2,1,6294,1,1,9,6,5,2,1
27,1,1,2382,1,0,4,3,2,1,1
53,3,1,13690,1,0,23,18,6,7,1
32,1,1,2957,0,0,4,2,0,1,1
31,2,1,6177,1,1,10,9,2,7,1
33,1,1,2306,0,0,4,4,1,0,1
35,1,2,4208,0,0,10,8,3,6,1
22,1,1,2163,1,0,4,3,1,2,1
31,1,2,3157,1,0,4,1,1,0,1
21,1,2,2680,0,0,1,1,0,0,1
29,3,1,7609,0,1,9,9,5,8,1
35,1,1,2496,1,1,6,4,0,2,1
35,2,1,6679,0,0,14,2,0,0,1
41,1,0,2769,1,0,8,4,4,0,1
39,3,0,10664,0,0,17,11,1,5,1
23,1,1,2404,1,1,1,1,0,0,1
39,1,1,2018,0,0,14,5,3,1,1
35,2,0,4811,0,0,8,1,0,0,1
50,4,1,13314,0,0,24,21,5,9,1
42,2,2,5348,1,0,17,2,0,1,1
31,1,2,4068,0,0,6,6,2,6,1
38,1,1,2674,1,0,13,9,8,7,1
26,1,0,2368,1,1,6,5,4,4,1
27,1,0,3288,1,1,8,6,5,5,1
30,2,0,9717,0,1,10,9,7,6,1
36,1,1,3671,1,0,9,1,0,0,1
24,1,1,3148,0,0,4,0,0,0,1
41,1,0,2760,1,0,6,1,1,1,1
28,1,0,2743,1,0,7,6,6,0,1
45,2,0,6583,0,2,10,6,3,0,1
43,1,1,2439,1,1,7,1,0,0,1
29,1,0,2335,0,2,4,2,2,0,1
33,2,2,8393,1,0,8,2,1,1,1
31,2,2,5819,1,0,9,9,7,5,1
26,1,2,2293,0,0,1,1,0,1,1
49,1,1,2675,1,0,7,4,3,3,1
46,2,0,6729,0,1,11,4,2,0,1
25,1,2,3168,1,0,4,0,0,0,1
18,1,2,1538,0,0,0,0,0,0,1
45,2,2,9568,0,0,8,8,7,7,1
26,1,1,2293,0,0,1,1,0,0,1
40,2,2,5340,1,0,15,3,1,2,1
52,3,0,12090,1,0,21,9,4,3,1
26,1,0,3045,0,0,5,4,3,2,1
37,2,1,9929,1,0,12,3,3,3,1
44,2,0,4892,0,0,10,4,1,3,1
21,1,2,2685,0,0,1,1,0,0,1
40,3,1,10412,0,1,20,18,6,6,1
37,1,1,2656,1,0,12,6,4,5,1
43,2,2,9502,0,0,8,8,7,7,1
22,1,1,2399,1,0,1,1,0,0,1
23,1,2,2710,0,0,2,2,1,1,1
25,1,1,2414,0,2,1,1,0,0,1
26,1,0,3044,0,0,5,4,3,2,1
34,1,1,2405,1,1,5,1,1,1,1
31,1,1,4857,0,1,8,7,3,1,1
32,1,1,2340,1,1,2,2,1,1,1
35,2,1,6102,1,1,9,8,2,6,1
21,1,2,2715,0,0,1,1,0,0,1
29,2,1,9735,0,0,9,8,6,6,1
32,1,2,2677,1,0,9,8,7,6,1
51,3,1,10586,1,0,16,2,2,1,1
28,1,1,2027,1,0,6,4,2,3,1
44,4,2,17699,1,0,25,23,9,11,1
26,1,0,2745,0,0,6,5,5,0,1
31,1,0,3073,0,0,4,4,3,2,1
18,1,1,1880,1,0,0,0,0,0,1
44,3,1,7347,0,3,13,8,6,7,1
23,1,1,2399,1,0,1,0,0,0,1
19,1,2,2324,0,0,1,0,0,0,1
35,2,1,9681,0,0,9,9,8,7,1
50,3,0,10757,1,0,18,2,2,0,1
32,1,1,2782,0,0,3,1,0,0,1
38,3,1,13630,1,0,17,9,6,7,1
27,1,1,2402,1,0,2,0,0,0,1
26,1,1,2143,1,0,6,5,1,4,1
45,3,1,10476,0,0,22,16,5,5,1
28,1,0,2365,0,0,7,5,3,4,1
41,3,1,10365,1,0,15,11,5,5,1
31,2,1,6173,1,0,11,7,5,7,1
45,5,1,19457,0,0,27,24,15,8,1
37,2,1,6679,0,0,16,0,0,0,1
32,1,1,2313,1,0,4,1,1,1,1
27,1,1,3107,0,0,8,5,3,3,1
34,2,1,5567,1,0,12,8,5,6,1
28,1,0,2594,0,1,1,1,0,0,1
26,1,1,2861,0,0,1,0,0,0,1
29,1,1,2823,0,0,1,1,0,0,1
34,2,1,6708,0,0,12,0,0,0,1
34,1,1,2438,1,1,9,5,3,4,1
43,2,2,5352,0,0,9,3,2,2,1
29,2,1,5689,1,0,9,9,7,6,1
31,1,0,2741,0,0,3,3,3,1,1
35,2,1,6696,0,0,14,0,0,0,1
23,1,1,2163,1,0,4,3,1,2,1
28,2,1,4932,0,0,7,1,1,1,1
41,2,0,4794,0,0,7,0,0,0,1
36,1,1,3399,0,0,6,3,1,1,1
44,2,0,4893,0,0,10,4,1,3,1
24,1,2,1118,0,0,1,1,0,0,1
26,1,1,2561,0,0,4,1,1,0,1
54,4,2,13698,1,0,23,19,7,8,1
25,1,1,2860,0,0,1,0,0,0,1
32,1,1,4808,0,2,4,2,2,2,1
34,1,1,3397,1,0,2,1,0,0,1
27,1,0,2371,0,1,3,2,1,1,1
32,1,1,2793,1,0,1,1,0,0,1
28,1,1,2404,1,0,2,0,0,0,1
32,2,1,8197,0,1,7,3,1,1,1
30,1,1,4085,0,0,6,6,2,6,1
24,1,0,2734,0,0,6,5,5,0,1
36,2,1,6078,1,0,8,7,3,5,1
24,1,1,2966,0,0,1,1,0,0,1
37,1,1,2157,1,0,9,4,2,2,1
48,3,2,8484,0,0,10,8,7,7,1
41,1,1,2931,0,0,5,5,3,2,1
21,1,2,2715,0,0,1,1,0,0,1
25,1,1,2293,0,0,3,1,0,0,1
25,2,2,4580,0,0,6,4,3,1,1
31,2,1,4599,0,0,4,2,2,2,1
51,2,1,4939,0,0,10,8,2,6,1
32,1,1,2432,1,0,8,4,1,3,1
35,2,2,9555,0,0,8,8,7,7,1
29,3,1,7860,0,3,10,6,2,5,1
28,1,0,2741,0,0,6,5,5,0,1
29,1,1,2929,0,0,3,2,1,1,1
24,1,2,3167,0,0,6,5,3,4,1
46,2,0,6729,0,1,11,4,2,0,1
27,2,2,5824,1,0,8,8,7,4,1
29,1,1,2421,0,0,3,2,1,1,1
22,1,1,2168,1,0,3,3,2,1,1
20,1,2,1019,1,0,1,1,0,0,1
31,1,2,2432,1,0,7,3,0,2,1
26,1,0,2368,1,1,6,5,4,4,1
36,1,1,3399,0,0,6,3,1,1,1
26,1,0,2370,1,1,6,4,3,3,1
39,3,1,10322,0,1,20,20,7,6,1
33,1,1,3353,0,0,9,9,7,6,1
25,1,2,2322,0,0,2,1,1,1,1
22,1,2,1488,0,0,0,0,0,0,1
30,1,1,4748,0,1,4,2,2,2,1
54,4,1,13659,0,0,24,19,6,8,1
27,2,1,4946,0,0,7,1,1,1,1
35,1,0,2073,1,0,2,1,0,0,1
48,2,2,4717,1,0,5,1,0,0,1
37,1,0,2780,0,0,7,4,4,0,1
37,2,1,6457,0,1,8,6,3,0,1
30,1,1,2314,1,1,2,2,0,0,1
28,1,1,4433,0,0,4,2,2,1,1
26,1,1,1527,0,1,1,0,0,0,1
30,1,2,2950,0,0,6,3,1,2,1
28,1,1,2842,0,0,1,1,0,0,1
31,1,1,2749,0,0,2,2,2,2,1
28,1,2,2399,1,0,5,3,0,3,1
18,1,2,1604,1,0,0,0,0,0,1
20,1,1,2971,0,0,1,1,0,0,1
37,1,0,2783,1,1,8,5,5,0,1
29,1,1,4769,0,2,4,2,2,2,1
37,1,0,2073,0,0,7,2,1,1,1
33,2,1,5907,1,0,10,9,7,7,1
26,1,2,1107,0,0,1,1,0,0,1
26,1,1,2042,0,0,6,3,2,2,1
33,1,0,2065,0,0,7,4,2,3,1
34,2,1,6260,1,2,9,8,2,4,1
28,1,1,1462,0,0,1,0,0,0,1
29,1,1,3437,1,0,6,4,3,3,1
28,1,1,3457,0,0,5,3,2,2,1
29,1,1,2131,1,0,7,5,2,1,1
32,2,1,4573,1,1,4,2,2,2,1
38,2,2,5324,0,0,8,4,2,3,1
28,1,1,2365,0,0,9,7,5,5,1
22,1,2,1943,1,0,2,1,0,1,1
22,1,1,2722,0,0,2,2,1,0,1
41,1,1,2931,0,0,5,5,3,2,1
47,3,1,8388,0,0,10,6,5,5,1
19,1,2,2324,0,0,1,0,0,0,1
23,1,2,2683,0,0,2,2,0,1,1
49,3,1,10461,0,0,18,9,3,3,1
29,3,1,8519,0,1,10,6,4,5,1
53,1,1,2583,0,0,5,3,2,0,1
29,1,0,4790,0,2,4,1,1,1,1
35,1,0,2073,1,0,1,1,0,0,1
41,1,0,2760,1,0,6,1,1,1,1
40,3,1,10411,0,1,20,18,6,6,1
41,3,1,10466,0,0,22,18,6,6,1
42,3,0,12116,1,0,17,4,3,3,1
29,1,1,2319,1,0,1,1,0,0,1
34,1,1,4967,0,0,7,2,2,2,1
40,1,1,2436,1,0,6,1,0,0,1
18,1,2,1518,0,0,0,0,0,0,1
44,1,1,2683,1,0,5,5,4,3,1
18,1,2,1900,0,0,0,0,0,0,1
48,5,2,18929,1,0,29,25,11,10,1
32,1,0,3364,1,1,5,3,3,3,1
34,3,1,13642,1,0,16,10,6,8,1
29,1,1,4788,0,2,4,2,2,2,1
34,2,1,5802,1,0,10,10,7,7,1
32,1,2,2313,1,0,4,2,2,2,1
34,1,1,2789,1,0,3,2,2,0,1
25,1,2,1128,0,0,1,1,0,0,1
28,1,0,2178,0,0,5,3,2,2,1
18,1,2,1504,0,0,0,0,0,0,1
38,2,1,5247,0,0,11,1,0,0,1
29,1,1,2421,0,0,3,2,1,1,1
34,3,1,8105,0,2,10,3,2,1,1
32,2,1,4200,0,0,8,7,2,6,1
50,3,1,10665,0,0,18,3,2,2,1
49,2,1,4731,0,0,5,0,0,0,1
39,3,1,13217,1,0,21,1,0,0,1
50,4,2,16643,1,0,31,26,12,10,1
32,1,1,2435,1,0,8,4,3,3,1
51,1,1,2580,0,0,5,3,2,0,1
36,1,1,2084,1,0,5,0,0,0,1
28,1,1,2386,1,0,4,3,2,1,1
30,2,1,6697,0,0,9,6,3,1,1
30,2,1,4196,0,0,7,7,2,5,1
26,1,1,2320,0,0,1,0,0,0,1
23,1,2,4000,0,0,5,5,3,2,1
38,1,1,3653,1,0,10,1,0,0,1
38,1,1,2685,1,0,7,7,6,6,1
46,1,1,4903,1,3,5,3,3,2,1
27,1,1,2409,1,3,1,1,0,0,1
34,2,2,8238,1,0,6,5,2,3,1
33,1,1,3424,0,0,8,4,2,2,1
34,1,2,4207,0,0,10,7,3,6,1
23,1,2,1095,1,0,1,1,0,0,1
46,3,1,10471,0,0,21,14,4,4,1
24,1,2,1981,0,0,3,2,1,1,1
29,1,0,2366,0,0,6,3,1,2,1
29,1,0,2794,0,1,4,2,1,1,1
25,1,1,2288,0,0,1,1,0,1,1
29,1,2,2438,0,0,1,1,0,0,1
29,1,1,4799,0,2,4,3,2,1,1
57,3,1,10308,0,1,39,39,9,6,1
25,1,0,2737,0,0,7,6,6,0,1
44,3,1,10390,1,0,15,8,4,4,1
26,1,0,3048,0,0,4,3,2,1,1
43,4,2,13294,1,0,22,4,1,1,1
32,2,1,9907,1,0,7,2,2,2,1
50,3,1,10721,0,0,18,3,2,1,1
40,1,1,4312,0,1,5,1,1,0,1
41,1,1,4915,0,1,8,7,4,1,1
32,1,0,3364,1,1,5,3,3,3,1
21,1,1,1832,0,0,0,0,0,0,1
40,1,0,2759,0,0,6,2,2,2,1
28,1,1,3464,0,0,5,2,1,1,1
21,1,2,1099,0,0,1,1,0,0,1
41,2,1,6557,1,0,13,2,1,1,1
32,1,1,2106,1,0,7,4,4,4,1
28,1,1,2570,0,0,6,0,0,0,1
36,3,0,10024,0,2,15,1,0,0,1
30,1,1,3741,0,0,6,2,2,2,1
23,1,2,2334,0,0,1,0,0,0,1
32,2,1,4565,1,0,6,4,4,3,1
35,1,1,2160,1,0,8,4,1,3,1
29,1,0,2796,0,2,4,2,1,1,1
49,3,0,10834,0,0,19,3,2,0,1
36,2,1,4212,0,0,9,9,2,7,1
31,1,2,3921,0,0,9,9,2,7,1
41,1,2,4248,0,0,15,4,3,3,1
31,1,2,1298,0,0,1,1,0,0,1
21,1,2,2329,0,0,1,0,0,0,1
42,3,1,10447,0,1,22,19,6,6,1
40,2,2,5983,1,0,8,6,4,5,1
31,2,2,9803,0,0,6,3,1,3,1
53,2,1,5176,0,0,11,8,6,3,1
35,2,1,6586,0,0,9,2,1,0,1
45,1,1,2655,1,1,17,8,6,6,1
40,1,2,3137,0,0,4,4,3,2,1
28,2,1,5715,1,0,9,9,7,6,1
37,2,1,5346,0,0,9,5,1,5,1
38,1,1,2160,1,0,9,4,2,2,1
54,5,1,19856,0,0,23,5,2,4,1
42,3,1,7389,0,3,13,8,6,7,1
27,1,1,2905,0,1,4,2,1,1,1
35,2,1,6681,0,0,14,2,1,0,1
36,1,1,2329,1,1,4,3,2,2,1
31,1,1,3426,1,0,3,2,1,1,1
31,2,1,4962,0,0,7,3,2,3,1
47,2,1,4707,1,0,5,0,0,0,1
29,1,2,1229,0,0,1,1,0,0,1
49,2,2,5339,0,0,20,2,1,0,1
29,1,1,3759,0,0,6,2,2,2,1
23,1,1,2581,0,0,2,1,0,0,1
33,1,1,2957,0,0,7,3,2,2,1
26,1,0,2376,0,1,1,1,1,0,1
35,3,1,13619,1,0,16,8,6,7,1
22,1,1,1606,1,1,0,0,0,0,1
31,2,1,6171,1,0,11,6,6,6,1
28,1,2,1095,0,0,1,1,0,0,1
29,2,2,8524,0,0,8,8,5,6,1
33,1,1,2310,1,0,4,4,2,0,1
33,1,1,2311,1,0,5,2,2,1,1
31,3,1,7516,0,0,9,8,7,7,1
42,2,1,5326,0,0,7,3,2,2,1
28,1,2,1372,0,0,0,0,0,0,1
43,2,1,6346,1,0,8,5,4,3,1
48,5,1,19406,0,0,30,26,15,8,1
24,1,0,2282,0,0,2,2,1,1,1
32,1,2,2169,1,0,7,3,2,2,1
32,3,1,10393,0,0,14,14,7,7,1
31,2,1,9702,0,0,9,9,8,7,1
27,1,1,2402,1,0,2,0,0,0,1
30,2,2,6701,0,0,9,5,2,0,1
26,1,1,2144,1,0,6,5,1,4,1
49,2,0,6753,0,2,12,6,3,1,1
31,3,1,7611,0,0,9,8,7,6,1
49,3,0,11250,0,0,20,6,2,1,1
30,1,1,4759,0,1,4,2,2,2,1
34,1,2,2188,1,0,10,5,4,4,1
42,1,0,2362,0,0,9,3,2,2,1
29,2,2,5821,1,0,8,8,7,5,1
29,1,1,2424,1,1,5,2,0,1,1
25,1,1,2290,1,0,5,1,0,0,1
32,1,1,2300,1,0,4,3,1,0,1
31,1,2,2427,0,0,6,3,1,2,1
30,3,1,7587,0,0,9,8,7,6,1
21,1,2,2687,0,0,1,1,0,0,1
31,1,2,1369,0,0,1,1,0,0,1
35,2,2,9564,0,0,8,8,7,7,1
29,1,1,2120,1,0,7,6,6,6,1
53,1,1,4951,0,1,9,6,2,5,1
28,1,1,2529,0,0,3,1,1,0,1
29,1,0,2741,0,0,5,4,4,0,1
34,1,1,3395,0,0,10,5,3,3,1
26,1,0,2286,1,1,3,3,2,1,1
29,2,1,9884,1,0,7,2,0,2,1
24,1,0,2597,0,1,1,1,0,0,1
30,2,2,7732,1,0,8,7,5,5,1
33,2,1,4612,0,0,14,13,8,9,1
27,1,2,3165,1,0,4,0,0,0,1
27,1,0,2336,1,1,2,1,1,0,1
26,1,1,2365,0,0,8,8,7,7,1
30,1,1,2762,0,0,3,2,2,1,1
30,1,1,2942,0,0,2,1,0,0,1
24,1,2,3895,0,0,4,2,2,2,1
31,2,1,8047,0,0,7,6,2,4,1
26,1,1,2404,1,2,1,1,0,0,1
35,2,1,4601,1,0,8,6,4,3,1
41,2,1,5273,1,0,14,1,0,0,1
50,3,0,10789,1,0,19,2,2,0,1
31,2,1,9671,0,0,9,9,7,7,1
21,1,1,2178,0,0,2,2,1,1,1
50,3,0,10848,0,0,19,3,2,0,1
37,2,1,4633,1,0,5,3,1,1,1
48,2,1,4741,0,0,5,0,0,0,1
30,1,1,2314,1,1,2,2,0,0,1
34,2,2,4594,1,0,15,13,9,9,1
26,1,0,2744,0,0,7,6,6,0,1
30,2,1,6115,1,1,9,9,2,6,1
26,1,2,2597,0,0,1,1,0,0,1
18,1,2,1791,0,0,0,0,0,0,1
31,2,1,4559,0,0,4,2,2,2,1
36,1,2,3157,1,0,4,4,3,2,1
44,2,1,4918,0,0,10,8,2,4,1
43,1,1,2935,0,0,5,5,3,2,1
38,1,1,2442,1,1,11,6,0,4,1
18,1,2,1530,0,0,0,0,0,0,1
27,1,1,4115,0,0,5,5,2,5,1
26,1,0,2375,0,1,2,1,1,0,1
28,1,1,3169,1,0,7,0,0,0,1
20,1,1,2120,1,0,1,1,0,0,1
49,2,2,5194,0,0,11,8,5,3,1
33,2,1,4648,0,0,11,9,5,6,1
33,1,1,2742,0,0,2,2,2,2,1
27,1,2,2171,1,0,5,3,2,2,1
29,1,2,2769,0,0,2,1,1,1,1
24,1,2,3167,0,0,4,0,0,0,1
30,1,2,4074,0,0,6,6,2,6,1
19,1,2,1101,0,0,1,1,0,0,1
27,1,0,2178,0,0,5,3,2,2,1
34,2,1,5837,1,0,10,10,6,7,1
